# WaveFront *.obj file (generated by Autodesk ATF)

mtllib glassy carbon working electrode.mtl

g Body1

v -2.640959 2.223691 0.010000
v -2.646070 2.262514 0.010000
v -2.661055 2.298691 0.010000
v -2.684893 2.329757 0.010000
v -2.715959 2.353595 0.010000
v -2.752136 2.368580 0.010000
v -2.790959 2.373691 0.010000
v -2.829782 2.368580 0.010000
v -2.865959 2.353595 0.010000
v -2.897025 2.329757 0.010000
v -2.920863 2.298691 0.010000
v -2.935848 2.262514 0.010000
v -2.940959 2.223691 0.010000
v -2.935848 2.184868 0.010000
v -2.920863 2.148691 0.010000
v -2.897025 2.117625 0.010000
v -2.865959 2.093787 0.010000
v -2.829782 2.078802 0.010000
v -2.790959 2.073691 0.010000
v -2.752136 2.078802 0.010000
v -2.715959 2.093787 0.010000
v -2.684893 2.117625 0.010000
v -2.661055 2.148691 0.010000
v -2.646070 2.184868 0.010000
v -2.640959 2.223691 0.000000
v -2.646070 2.184868 0.000000
v -2.661055 2.148691 0.000000
v -2.684893 2.117625 0.000000
v -2.715959 2.093787 0.000000
v -2.752136 2.078802 0.000000
v -2.790959 2.073691 0.000000
v -2.829782 2.078802 0.000000
v -2.865959 2.093787 0.000000
v -2.897025 2.117625 0.000000
v -2.920863 2.148691 0.000000
v -2.935848 2.184868 0.000000
v -2.940959 2.223691 0.000000
v -2.935848 2.262514 0.000000
v -2.920863 2.298691 0.000000
v -2.897025 2.329757 0.000000
v -2.865959 2.353595 0.000000
v -2.829782 2.368580 0.000000
v -2.790959 2.373691 0.000000
v -2.752136 2.368580 0.000000
v -2.715959 2.353595 0.000000
v -2.684893 2.329757 0.000000
v -2.661055 2.298691 0.000000
v -2.646070 2.262514 0.000000
v -2.890959 2.223691 10.000000
v -2.887551 2.249573 10.000000
v -2.877561 2.273691 10.000000
v -2.861670 2.294402 10.000000
v -2.840959 2.310293 10.000000
v -2.816841 2.320283 10.000000
v -2.790959 2.323691 10.000000
v -2.765077 2.320283 10.000000
v -2.740959 2.310293 10.000000
v -2.720248 2.294402 10.000000
v -2.704356 2.273691 10.000000
v -2.694366 2.249573 10.000000
v -2.690959 2.223691 10.000000
v -2.694366 2.197809 10.000000
v -2.704356 2.173691 10.000000
v -2.720248 2.152980 10.000000
v -2.740959 2.137088 10.000000
v -2.765077 2.127098 10.000000
v -2.790959 2.123691 10.000000
v -2.816841 2.127098 10.000000
v -2.840959 2.137088 10.000000
v -2.861670 2.152980 10.000000
v -2.877561 2.173691 10.000000
v -2.887551 2.197809 10.000000
v -2.890959 2.223691 8.000000
v -2.887551 2.197809 8.000000
v -2.877561 2.173691 8.000000
v -2.861670 2.152980 8.000000
v -2.840959 2.137088 8.000000
v -2.816841 2.127098 8.000000
v -2.790959 2.123691 8.000000
v -2.765077 2.127098 8.000000
v -2.740959 2.137088 8.000000
v -2.720248 2.152980 8.000000
v -2.704356 2.173691 8.000000
v -2.694366 2.197809 8.000000
v -2.690959 2.223691 8.000000
v -2.694366 2.249573 8.000000
v -2.704356 2.273691 8.000000
v -2.720248 2.294402 8.000000
v -2.740959 2.310293 8.000000
v -2.765077 2.320283 8.000000
v -2.790959 2.323691 8.000000
v -2.816841 2.320283 8.000000
v -2.840959 2.310293 8.000000
v -2.861670 2.294402 8.000000
v -2.877561 2.273691 8.000000
v -2.887551 2.249573 8.000000
v -2.890959 2.223691 9.500000
v -2.890959 2.223691 9.000000
v -2.890959 2.223691 8.500000
v -2.887551 2.249573 9.500000
v -2.887551 2.249573 9.000000
v -2.887551 2.249573 8.500000
v -2.877561 2.273691 9.500000
v -2.877561 2.273691 9.000000
v -2.877561 2.273691 8.500000
v -2.861670 2.294402 9.500000
v -2.861670 2.294402 9.000000
v -2.861670 2.294402 8.500000
v -2.840959 2.310293 9.500000
v -2.840959 2.310293 9.000000
v -2.840959 2.310293 8.500000
v -2.816841 2.320283 9.500000
v -2.816841 2.320283 9.000000
v -2.816841 2.320283 8.500000
v -2.790959 2.323691 9.500000
v -2.790959 2.323691 9.000000
v -2.790959 2.323691 8.500000
v -2.765077 2.320283 9.500000
v -2.765077 2.320283 9.000000
v -2.765077 2.320283 8.500000
v -2.740959 2.310293 9.500000
v -2.740959 2.310293 9.000000
v -2.740959 2.310293 8.500000
v -2.720248 2.294402 9.500000
v -2.720248 2.294402 9.000000
v -2.720248 2.294402 8.500000
v -2.704356 2.273691 9.500000
v -2.704356 2.273691 9.000000
v -2.704356 2.273691 8.500000
v -2.694366 2.249573 9.500000
v -2.694366 2.249573 9.000000
v -2.694366 2.249573 8.500000
v -2.690959 2.223691 9.500000
v -2.690959 2.223691 9.000000
v -2.690959 2.223691 8.500000
v -2.694366 2.197809 9.500000
v -2.694366 2.197809 9.000000
v -2.694366 2.197809 8.500000
v -2.704356 2.173691 9.500000
v -2.704356 2.173691 9.000000
v -2.704356 2.173691 8.500000
v -2.720248 2.152980 9.500000
v -2.720248 2.152980 9.000000
v -2.720248 2.152980 8.500000
v -2.740959 2.137088 9.500000
v -2.740959 2.137088 9.000000
v -2.740959 2.137088 8.500000
v -2.765077 2.127098 9.500000
v -2.765077 2.127098 9.000000
v -2.765077 2.127098 8.500000
v -2.790959 2.123691 9.500000
v -2.790959 2.123691 9.000000
v -2.790959 2.123691 8.500000
v -2.816841 2.127098 9.500000
v -2.816841 2.127098 9.000000
v -2.816841 2.127098 8.500000
v -2.840959 2.137088 9.500000
v -2.840959 2.137088 9.000000
v -2.840959 2.137088 8.500000
v -2.861670 2.152980 9.500000
v -2.861670 2.152980 9.000000
v -2.861670 2.152980 8.500000
v -2.877561 2.173691 9.500000
v -2.877561 2.173691 9.000000
v -2.877561 2.173691 8.500000
v -2.887551 2.197809 9.500000
v -2.887551 2.197809 9.000000
v -2.887551 2.197809 8.500000
v -3.090959 2.223691 8.000000
v -3.080737 2.301337 8.000000
v -3.050767 2.373691 8.000000
v -3.003091 2.435823 8.000000
v -2.940959 2.483498 8.000000
v -2.868605 2.513469 8.000000
v -2.790959 2.523691 8.000000
v -2.713313 2.513469 8.000000
v -2.640959 2.483498 8.000000
v -2.578827 2.435823 8.000000
v -2.531151 2.373691 8.000000
v -2.501181 2.301337 8.000000
v -2.490959 2.223691 8.000000
v -2.501181 2.146045 8.000000
v -2.531151 2.073691 8.000000
v -2.578827 2.011559 8.000000
v -2.640959 1.963883 8.000000
v -2.713313 1.933913 8.000000
v -2.790959 1.923691 8.000000
v -2.868605 1.933913 8.000000
v -2.940959 1.963883 8.000000
v -3.003091 2.011559 8.000000
v -3.050767 2.073691 8.000000
v -3.080737 2.146045 8.000000
v -3.090959 2.223691 0.000000
v -3.080737 2.146045 0.000000
v -3.050767 2.073691 0.000000
v -3.003091 2.011559 0.000000
v -2.940959 1.963883 0.000000
v -2.868605 1.933913 0.000000
v -2.790959 1.923691 0.000000
v -2.713313 1.933913 0.000000
v -2.640959 1.963883 0.000000
v -2.578827 2.011559 0.000000
v -2.531151 2.073691 0.000000
v -2.501181 2.146045 0.000000
v -2.490959 2.223691 0.000000
v -2.501181 2.301337 0.000000
v -2.531151 2.373691 0.000000
v -2.578827 2.435823 0.000000
v -2.640959 2.483498 0.000000
v -2.713313 2.513469 0.000000
v -2.790959 2.523691 0.000000
v -2.868605 2.513469 0.000000
v -2.940959 2.483498 0.000000
v -3.003091 2.435823 0.000000
v -3.050767 2.373691 0.000000
v -3.080737 2.301337 0.000000
v -3.090959 2.223691 6.400000
v -3.090959 2.223691 4.800000
v -3.090959 2.223691 3.200000
v -3.090959 2.223691 1.600000
v -3.080737 2.301337 6.400000
v -3.080737 2.301337 4.800000
v -3.080737 2.301337 3.200000
v -3.080737 2.301337 1.600000
v -3.050767 2.373691 6.400000
v -3.050767 2.373691 4.800000
v -3.050767 2.373691 3.200000
v -3.050767 2.373691 1.600000
v -3.003091 2.435823 6.400000
v -3.003091 2.435823 4.800000
v -3.003091 2.435823 3.200000
v -3.003091 2.435823 1.600000
v -2.940959 2.483498 6.400000
v -2.940959 2.483498 4.800000
v -2.940959 2.483498 3.200000
v -2.940959 2.483498 1.600000
v -2.868605 2.513469 6.400000
v -2.868605 2.513469 4.800000
v -2.868605 2.513469 3.200000
v -2.868605 2.513469 1.600000
v -2.790959 2.523691 6.400000
v -2.790959 2.523691 4.800000
v -2.790959 2.523691 3.200000
v -2.790959 2.523691 1.600000
v -2.713313 2.513469 6.400000
v -2.713313 2.513469 4.800000
v -2.713313 2.513469 3.200000
v -2.713313 2.513469 1.600000
v -2.640959 2.483498 6.400000
v -2.640959 2.483498 4.800000
v -2.640959 2.483498 3.200000
v -2.640959 2.483498 1.600000
v -2.578827 2.435823 6.400000
v -2.578827 2.435823 4.800000
v -2.578827 2.435823 3.200000
v -2.578827 2.435823 1.600000
v -2.531151 2.373691 6.400000
v -2.531151 2.373691 4.800000
v -2.531151 2.373691 3.200000
v -2.531151 2.373691 1.600000
v -2.501181 2.301337 6.400000
v -2.501181 2.301337 4.800000
v -2.501181 2.301337 3.200000
v -2.501181 2.301337 1.600000
v -2.490959 2.223691 6.400000
v -2.490959 2.223691 4.800000
v -2.490959 2.223691 3.200000
v -2.490959 2.223691 1.600000
v -2.501181 2.146045 6.400000
v -2.501181 2.146045 4.800000
v -2.501181 2.146045 3.200000
v -2.501181 2.146045 1.600000
v -2.531151 2.073691 6.400000
v -2.531151 2.073691 4.800000
v -2.531151 2.073691 3.200000
v -2.531151 2.073691 1.600000
v -2.578827 2.011559 6.400000
v -2.578827 2.011559 4.800000
v -2.578827 2.011559 3.200000
v -2.578827 2.011559 1.600000
v -2.640959 1.963883 6.400000
v -2.640959 1.963883 4.800000
v -2.640959 1.963883 3.200000
v -2.640959 1.963883 1.600000
v -2.713313 1.933913 6.400000
v -2.713313 1.933913 4.800000
v -2.713313 1.933913 3.200000
v -2.713313 1.933913 1.600000
v -2.790959 1.923691 6.400000
v -2.790959 1.923691 4.800000
v -2.790959 1.923691 3.200000
v -2.790959 1.923691 1.600000
v -2.868605 1.933913 6.400000
v -2.868605 1.933913 4.800000
v -2.868605 1.933913 3.200000
v -2.868605 1.933913 1.600000
v -2.940959 1.963883 6.400000
v -2.940959 1.963883 4.800000
v -2.940959 1.963883 3.200000
v -2.940959 1.963883 1.600000
v -3.003091 2.011559 6.400000
v -3.003091 2.011559 4.800000
v -3.003091 2.011559 3.200000
v -3.003091 2.011559 1.600000
v -3.050767 2.073691 6.400000
v -3.050767 2.073691 4.800000
v -3.050767 2.073691 3.200000
v -3.050767 2.073691 1.600000
v -3.080737 2.146045 6.400000
v -3.080737 2.146045 4.800000
v -3.080737 2.146045 3.200000
v -3.080737 2.146045 1.600000
vt 0.010000 -0.431969 0.000000
vt 0.000000 -0.431969 0.000000
vt 0.010000 -0.471239 0.000000
vt 0.000000 -0.471239 0.000000
vt 0.010000 0.471239 0.000000
vt 0.000000 0.471239 0.000000
vt 0.010000 0.431969 0.000000
vt 0.000000 0.431969 0.000000
vt 0.010000 0.392699 0.000000
vt 0.000000 0.392699 0.000000
vt 0.010000 0.353429 0.000000
vt 0.000000 0.353429 0.000000
vt 0.010000 0.314159 0.000000
vt 0.000000 0.314159 0.000000
vt 0.010000 0.274889 0.000000
vt 0.000000 0.274889 0.000000
vt 0.010000 0.235619 0.000000
vt 0.000000 0.235619 0.000000
vt 0.010000 0.196350 0.000000
vt 0.000000 0.196350 0.000000
vt 0.010000 0.157080 0.000000
vt 0.000000 0.157080 0.000000
vt 0.010000 0.117810 0.000000
vt 0.000000 0.117810 0.000000
vt 0.010000 0.078540 0.000000
vt 0.000000 0.078540 0.000000
vt 0.010000 0.039270 0.000000
vt 0.000000 0.039270 0.000000
vt 0.010000 0.000000 0.000000
vt 0.000000 0.000000 0.000000
vt 0.010000 -0.039270 0.000000
vt 0.000000 -0.039270 0.000000
vt 0.010000 -0.078540 0.000000
vt 0.000000 -0.078540 0.000000
vt 0.010000 -0.117810 0.000000
vt 0.000000 -0.117810 0.000000
vt 0.010000 -0.157080 0.000000
vt 0.000000 -0.157080 0.000000
vt 0.010000 -0.196350 0.000000
vt 0.000000 -0.196350 0.000000
vt 0.010000 -0.235619 0.000000
vt 0.000000 -0.235619 0.000000
vt 0.010000 -0.274889 0.000000
vt 0.000000 -0.274889 0.000000
vt 0.010000 -0.314159 0.000000
vt 0.000000 -0.314159 0.000000
vt 0.010000 -0.353429 0.000000
vt 0.000000 -0.353429 0.000000
vt 0.010000 -0.392699 0.000000
vt 0.000000 -0.392699 0.000000
vt -0.144889 -0.038823 0.000000
vt 0.144889 -0.038823 0.000000
vt -0.150000 0.000000 0.000000
vt 0.150000 0.000000 0.000000
vt -0.144889 0.038823 0.000000
vt 0.144889 0.038823 0.000000
vt -0.129904 0.075000 0.000000
vt 0.129904 0.075000 0.000000
vt -0.106066 0.106066 0.000000
vt 0.106066 0.106066 0.000000
vt -0.075000 0.129904 0.000000
vt 0.075000 0.129904 0.000000
vt -0.038823 0.144889 0.000000
vt 0.038823 0.144889 0.000000
vt 0.000000 0.150000 0.000000
vt 0.129904 -0.075000 0.000000
vt -0.129904 -0.075000 0.000000
vt 0.106066 -0.106066 0.000000
vt -0.106066 -0.106066 0.000000
vt 0.075000 -0.129904 0.000000
vt -0.075000 -0.129904 0.000000
vt 0.038823 -0.144889 0.000000
vt -0.038823 -0.144889 0.000000
vt 0.000000 -0.150000 0.000000
vt -2.000000 0.287979 0.000000
vt -1.500000 0.287979 0.000000
vt -2.000000 0.314159 0.000000
vt -1.500000 0.314159 0.000000
vt -2.000000 -0.314159 0.000000
vt -1.500000 -0.314159 0.000000
vt -2.000000 -0.287979 0.000000
vt -1.500000 -0.287979 0.000000
vt -2.000000 -0.261799 0.000000
vt -1.500000 -0.261799 0.000000
vt -2.000000 -0.235619 0.000000
vt -1.500000 -0.235619 0.000000
vt -2.000000 -0.209440 0.000000
vt -1.500000 -0.209440 0.000000
vt -2.000000 -0.183260 0.000000
vt -1.500000 -0.183260 0.000000
vt -2.000000 -0.157080 0.000000
vt -1.500000 -0.157080 0.000000
vt -2.000000 -0.130900 0.000000
vt -1.500000 -0.130900 0.000000
vt -2.000000 -0.104720 0.000000
vt -1.500000 -0.104720 0.000000
vt -2.000000 -0.078540 0.000000
vt -1.500000 -0.078540 0.000000
vt -2.000000 -0.052360 0.000000
vt -1.500000 -0.052360 0.000000
vt -2.000000 -0.026180 0.000000
vt -1.500000 -0.026180 0.000000
vt -2.000000 0.000000 0.000000
vt -1.500000 0.000000 0.000000
vt -2.000000 0.026180 0.000000
vt -1.500000 0.026180 0.000000
vt -2.000000 0.052360 0.000000
vt -1.500000 0.052360 0.000000
vt -2.000000 0.078540 0.000000
vt -1.500000 0.078540 0.000000
vt -2.000000 0.104720 0.000000
vt -1.500000 0.104720 0.000000
vt -2.000000 0.130900 0.000000
vt -1.500000 0.130900 0.000000
vt -2.000000 0.157080 0.000000
vt -1.500000 0.157080 0.000000
vt -2.000000 0.183260 0.000000
vt -1.500000 0.183260 0.000000
vt -2.000000 0.209440 0.000000
vt -1.500000 0.209440 0.000000
vt -2.000000 0.235619 0.000000
vt -1.500000 0.235619 0.000000
vt -2.000000 0.261799 0.000000
vt -1.500000 0.261799 0.000000
vt -0.000000 -0.287979 0.000000
vt -0.500000 -0.287979 0.000000
vt -0.000000 -0.314159 0.000000
vt -0.500000 -0.314159 0.000000
vt -0.000000 0.314159 0.000000
vt -0.500000 0.314159 0.000000
vt -0.000000 0.287979 0.000000
vt -0.500000 0.287979 0.000000
vt -0.000000 0.261799 0.000000
vt -0.500000 0.261799 0.000000
vt -0.000000 0.235619 0.000000
vt -0.500000 0.235619 0.000000
vt -0.000000 0.209440 0.000000
vt -0.500000 0.209440 0.000000
vt -0.000000 0.183260 0.000000
vt -0.500000 0.183260 0.000000
vt -0.000000 0.157080 0.000000
vt -0.500000 0.157080 0.000000
vt -0.000000 0.130900 0.000000
vt -0.500000 0.130900 0.000000
vt -0.000000 0.104720 0.000000
vt -0.500000 0.104720 0.000000
vt -0.000000 0.078540 0.000000
vt -0.500000 0.078540 0.000000
vt -0.000000 0.052360 0.000000
vt -0.500000 0.052360 0.000000
vt -0.000000 0.026180 0.000000
vt -0.500000 0.026180 0.000000
vt -0.000000 0.000000 0.000000
vt -0.500000 0.000000 0.000000
vt -0.000000 -0.026180 0.000000
vt -0.500000 -0.026180 0.000000
vt -0.000000 -0.052360 0.000000
vt -0.500000 -0.052360 0.000000
vt -0.000000 -0.078540 0.000000
vt -0.500000 -0.078540 0.000000
vt -0.000000 -0.104720 0.000000
vt -0.500000 -0.104720 0.000000
vt -0.000000 -0.130900 0.000000
vt -0.500000 -0.130900 0.000000
vt -0.000000 -0.157080 0.000000
vt -0.500000 -0.157080 0.000000
vt -0.000000 -0.183260 0.000000
vt -0.500000 -0.183260 0.000000
vt -0.000000 -0.209440 0.000000
vt -0.500000 -0.209440 0.000000
vt -0.000000 -0.235619 0.000000
vt -0.500000 -0.235619 0.000000
vt -0.000000 -0.261799 0.000000
vt -0.500000 -0.261799 0.000000
vt -1.000000 -0.314159 0.000000
vt -1.000000 -0.287979 0.000000
vt -1.000000 -0.261799 0.000000
vt -1.000000 -0.235619 0.000000
vt -1.000000 -0.209440 0.000000
vt -1.000000 -0.183260 0.000000
vt -1.000000 -0.157080 0.000000
vt -1.000000 -0.130900 0.000000
vt -1.000000 -0.104720 0.000000
vt -1.000000 -0.078540 0.000000
vt -1.000000 -0.052360 0.000000
vt -1.000000 -0.026180 0.000000
vt -1.000000 0.000000 0.000000
vt -1.000000 0.026180 0.000000
vt -1.000000 0.052360 0.000000
vt -1.000000 0.078540 0.000000
vt -1.000000 0.104720 0.000000
vt -1.000000 0.130900 0.000000
vt -1.000000 0.157080 0.000000
vt -1.000000 0.183260 0.000000
vt -1.000000 0.209440 0.000000
vt -1.000000 0.235619 0.000000
vt -1.000000 0.261799 0.000000
vt -1.000000 0.287979 0.000000
vt -1.000000 0.314159 0.000000
vt -0.096593 -0.025882 0.000000
vt 0.096593 -0.025882 0.000000
vt -0.100000 0.000000 0.000000
vt 0.100000 0.000000 0.000000
vt -0.096593 0.025882 0.000000
vt 0.096593 0.025882 0.000000
vt -0.086603 0.050000 0.000000
vt 0.086603 0.050000 0.000000
vt -0.070711 0.070711 0.000000
vt 0.070711 0.070711 0.000000
vt -0.050000 0.086603 0.000000
vt 0.050000 0.086603 0.000000
vt -0.025882 0.096593 0.000000
vt 0.025882 0.096593 0.000000
vt 0.000000 0.100000 0.000000
vt 0.086603 -0.050000 0.000000
vt -0.086603 -0.050000 0.000000
vt 0.070711 -0.070711 0.000000
vt -0.070711 -0.070711 0.000000
vt 0.050000 -0.086603 0.000000
vt -0.050000 -0.086603 0.000000
vt 0.025882 -0.096593 0.000000
vt -0.025882 -0.096593 0.000000
vt 0.000000 -0.100000 0.000000
vt -8.000000 0.863938 0.000000
vt -6.400000 0.863938 0.000000
vt -8.000000 0.942478 0.000000
vt -6.400000 0.942478 0.000000
vt -8.000000 -0.942478 0.000000
vt -6.400000 -0.942478 0.000000
vt -8.000000 -0.863938 0.000000
vt -6.400000 -0.863938 0.000000
vt -8.000000 -0.785398 0.000000
vt -6.400000 -0.785398 0.000000
vt -8.000000 -0.706858 0.000000
vt -6.400000 -0.706858 0.000000
vt -8.000000 -0.628319 0.000000
vt -6.400000 -0.628319 0.000000
vt -8.000000 -0.549779 0.000000
vt -6.400000 -0.549779 0.000000
vt -8.000000 -0.471239 0.000000
vt -6.400000 -0.471239 0.000000
vt -8.000000 -0.392699 0.000000
vt -6.400000 -0.392699 0.000000
vt -8.000000 -0.314159 0.000000
vt -6.400000 -0.314159 0.000000
vt -8.000000 -0.235619 0.000000
vt -6.400000 -0.235619 0.000000
vt -8.000000 -0.157080 0.000000
vt -6.400000 -0.157080 0.000000
vt -8.000000 -0.078540 0.000000
vt -6.400000 -0.078540 0.000000
vt -8.000000 0.000000 0.000000
vt -6.400000 0.000000 0.000000
vt -8.000000 0.078540 0.000000
vt -6.400000 0.078540 0.000000
vt -8.000000 0.157080 0.000000
vt -6.400000 0.157080 0.000000
vt -8.000000 0.235619 0.000000
vt -6.400000 0.235619 0.000000
vt -8.000000 0.314159 0.000000
vt -6.400000 0.314159 0.000000
vt -8.000000 0.392699 0.000000
vt -6.400000 0.392699 0.000000
vt -8.000000 0.471239 0.000000
vt -6.400000 0.471239 0.000000
vt -8.000000 0.549779 0.000000
vt -6.400000 0.549779 0.000000
vt -8.000000 0.628319 0.000000
vt -6.400000 0.628319 0.000000
vt -8.000000 0.706858 0.000000
vt -6.400000 0.706858 0.000000
vt -8.000000 0.785398 0.000000
vt -6.400000 0.785398 0.000000
vt -0.000000 -0.863938 0.000000
vt -1.600000 -0.863938 0.000000
vt -0.000000 -0.942478 0.000000
vt -1.600000 -0.942478 0.000000
vt -0.000000 0.942478 0.000000
vt -1.600000 0.942478 0.000000
vt -0.000000 0.863938 0.000000
vt -1.600000 0.863938 0.000000
vt -0.000000 0.785398 0.000000
vt -1.600000 0.785398 0.000000
vt -0.000000 0.706858 0.000000
vt -1.600000 0.706858 0.000000
vt -0.000000 0.628319 0.000000
vt -1.600000 0.628319 0.000000
vt -0.000000 0.549779 0.000000
vt -1.600000 0.549779 0.000000
vt -0.000000 0.471239 0.000000
vt -1.600000 0.471239 0.000000
vt -0.000000 0.392699 0.000000
vt -1.600000 0.392699 0.000000
vt -0.000000 0.314159 0.000000
vt -1.600000 0.314159 0.000000
vt -0.000000 0.235619 0.000000
vt -1.600000 0.235619 0.000000
vt -0.000000 0.157080 0.000000
vt -1.600000 0.157080 0.000000
vt -0.000000 0.078540 0.000000
vt -1.600000 0.078540 0.000000
vt -0.000000 0.000000 0.000000
vt -1.600000 0.000000 0.000000
vt -0.000000 -0.078540 0.000000
vt -1.600000 -0.078540 0.000000
vt -0.000000 -0.157080 0.000000
vt -1.600000 -0.157080 0.000000
vt -0.000000 -0.235619 0.000000
vt -1.600000 -0.235619 0.000000
vt -0.000000 -0.314159 0.000000
vt -1.600000 -0.314159 0.000000
vt -0.000000 -0.392699 0.000000
vt -1.600000 -0.392699 0.000000
vt -0.000000 -0.471239 0.000000
vt -1.600000 -0.471239 0.000000
vt -0.000000 -0.549779 0.000000
vt -1.600000 -0.549779 0.000000
vt -0.000000 -0.628319 0.000000
vt -1.600000 -0.628319 0.000000
vt -0.000000 -0.706858 0.000000
vt -1.600000 -0.706858 0.000000
vt -0.000000 -0.785398 0.000000
vt -1.600000 -0.785398 0.000000
vt -4.800000 -0.942478 0.000000
vt -4.800000 -0.863938 0.000000
vt -4.800000 -0.785398 0.000000
vt -4.800000 -0.706858 0.000000
vt -4.800000 -0.628319 0.000000
vt -4.800000 -0.549779 0.000000
vt -4.800000 -0.471239 0.000000
vt -4.800000 -0.392699 0.000000
vt -4.800000 -0.314159 0.000000
vt -4.800000 -0.235619 0.000000
vt -4.800000 -0.157080 0.000000
vt -4.800000 -0.078540 0.000000
vt -4.800000 0.000000 0.000000
vt -4.800000 0.078540 0.000000
vt -4.800000 0.157080 0.000000
vt -4.800000 0.235619 0.000000
vt -4.800000 0.314159 0.000000
vt -4.800000 0.392699 0.000000
vt -4.800000 0.471239 0.000000
vt -4.800000 0.549779 0.000000
vt -4.800000 0.628319 0.000000
vt -4.800000 0.706858 0.000000
vt -4.800000 0.785398 0.000000
vt -4.800000 0.863938 0.000000
vt -4.800000 0.942478 0.000000
vt -3.200000 -0.942478 0.000000
vt -3.200000 -0.863938 0.000000
vt -3.200000 -0.785398 0.000000
vt -3.200000 -0.706858 0.000000
vt -3.200000 -0.628319 0.000000
vt -3.200000 -0.549779 0.000000
vt -3.200000 -0.471239 0.000000
vt -3.200000 -0.392699 0.000000
vt -3.200000 -0.314159 0.000000
vt -3.200000 -0.235619 0.000000
vt -3.200000 -0.157080 0.000000
vt -3.200000 -0.078540 0.000000
vt -3.200000 0.000000 0.000000
vt -3.200000 0.078540 0.000000
vt -3.200000 0.157080 0.000000
vt -3.200000 0.235619 0.000000
vt -3.200000 0.314159 0.000000
vt -3.200000 0.392699 0.000000
vt -3.200000 0.471239 0.000000
vt -3.200000 0.549779 0.000000
vt -3.200000 0.628319 0.000000
vt -3.200000 0.706858 0.000000
vt -3.200000 0.785398 0.000000
vt -3.200000 0.863938 0.000000
vt -3.200000 0.942478 0.000000
vt -0.096593 -0.025882 0.000000
vt -0.100000 0.000000 0.000000
vt -0.300000 0.000000 0.000000
vt -0.096593 0.025882 0.000000
vt -0.289778 0.077646 0.000000
vt -0.086603 0.050000 0.000000
vt -0.259808 0.150000 0.000000
vt -0.070711 0.070711 0.000000
vt -0.212132 0.212132 0.000000
vt -0.050000 0.086603 0.000000
vt -0.150000 0.259808 0.000000
vt -0.025882 0.096593 0.000000
vt -0.077646 0.289778 0.000000
vt 0.000000 0.100000 0.000000
vt 0.000000 0.300000 0.000000
vt 0.077646 0.289778 0.000000
vt 0.025882 0.096593 0.000000
vt 0.150000 0.259808 0.000000
vt 0.050000 0.086603 0.000000
vt 0.212132 0.212132 0.000000
vt 0.070711 0.070711 0.000000
vt 0.259808 0.150000 0.000000
vt 0.086603 0.050000 0.000000
vt 0.289778 0.077646 0.000000
vt 0.096593 0.025882 0.000000
vt 0.300000 0.000000 0.000000
vt 0.100000 0.000000 0.000000
vt 0.289778 -0.077646 0.000000
vt 0.096593 -0.025882 0.000000
vt 0.086603 -0.050000 0.000000
vt 0.259808 -0.150000 0.000000
vt 0.070711 -0.070711 0.000000
vt 0.212132 -0.212132 0.000000
vt 0.050000 -0.086603 0.000000
vt 0.150000 -0.259808 0.000000
vt 0.025882 -0.096593 0.000000
vt 0.077646 -0.289778 0.000000
vt 0.000000 -0.100000 0.000000
vt 0.000000 -0.300000 0.000000
vt -0.077646 -0.289778 0.000000
vt -0.025882 -0.096593 0.000000
vt -0.150000 -0.259808 0.000000
vt -0.050000 -0.086603 0.000000
vt -0.212132 -0.212132 0.000000
vt -0.070711 -0.070711 0.000000
vt -0.259808 -0.150000 0.000000
vt -0.086603 -0.050000 0.000000
vt -0.289778 -0.077646 0.000000
vt -0.144889 -0.038823 0.000000
vt -0.150000 0.000000 0.000000
vt -0.300000 0.000000 0.000000
vt -0.144889 0.038823 0.000000
vt -0.289778 0.077646 0.000000
vt -0.129904 0.075000 0.000000
vt -0.259808 0.150000 0.000000
vt -0.106066 0.106066 0.000000
vt -0.212132 0.212132 0.000000
vt -0.075000 0.129904 0.000000
vt -0.150000 0.259808 0.000000
vt -0.038823 0.144889 0.000000
vt -0.077646 0.289778 0.000000
vt -0.000000 0.150000 0.000000
vt -0.000000 0.300000 0.000000
vt 0.077646 0.289778 0.000000
vt 0.038823 0.144889 0.000000
vt 0.150000 0.259808 0.000000
vt 0.075000 0.129904 0.000000
vt 0.212132 0.212132 0.000000
vt 0.106066 0.106066 0.000000
vt 0.259808 0.150000 0.000000
vt 0.129904 0.075000 0.000000
vt 0.289778 0.077646 0.000000
vt 0.144889 0.038823 0.000000
vt 0.300000 0.000000 0.000000
vt 0.150000 0.000000 0.000000
vt 0.289778 -0.077646 0.000000
vt 0.144889 -0.038823 0.000000
vt 0.129904 -0.075000 0.000000
vt 0.259808 -0.150000 0.000000
vt 0.106066 -0.106066 0.000000
vt 0.212132 -0.212132 0.000000
vt 0.075000 -0.129904 0.000000
vt 0.150000 -0.259808 0.000000
vt 0.038823 -0.144889 0.000000
vt 0.077646 -0.289778 0.000000
vt -0.000000 -0.150000 0.000000
vt -0.000000 -0.300000 0.000000
vt -0.077646 -0.289778 0.000000
vt -0.038823 -0.144889 0.000000
vt -0.150000 -0.259808 0.000000
vt -0.075000 -0.129904 0.000000
vt -0.212132 -0.212132 0.000000
vt -0.106066 -0.106066 0.000000
vt -0.259808 -0.150000 0.000000
vt -0.129904 -0.075000 0.000000
vt -0.289778 -0.077646 0.000000
vn -0.965926 -0.258819 0.000000
vn -0.965926 -0.258819 0.000000
vn -1.000000 -0.000000 0.000000
vn -1.000000 -0.000000 0.000000
vn -0.965926 0.258819 0.000000
vn -0.965926 0.258819 0.000000
vn -0.866025 0.500000 0.000000
vn -0.866025 0.500000 0.000000
vn -0.707107 0.707107 0.000000
vn -0.707107 0.707107 0.000000
vn -0.500000 0.866025 0.000000
vn -0.500000 0.866025 0.000000
vn -0.258819 0.965926 0.000000
vn -0.258819 0.965926 0.000000
vn 0.000000 1.000000 -0.000000
vn 0.000000 1.000000 -0.000000
vn 0.258819 0.965926 -0.000000
vn 0.258819 0.965926 -0.000000
vn 0.500000 0.866025 -0.000000
vn 0.500000 0.866025 -0.000000
vn 0.707107 0.707107 -0.000000
vn 0.707107 0.707107 -0.000000
vn 0.866025 0.500000 -0.000000
vn 0.866025 0.500000 -0.000000
vn 0.965926 0.258819 -0.000000
vn 0.965926 0.258819 -0.000000
vn 1.000000 0.000000 -0.000000
vn 1.000000 0.000000 -0.000000
vn 0.965926 -0.258819 0.000000
vn 0.965926 -0.258819 0.000000
vn 0.866025 -0.500000 0.000000
vn 0.866025 -0.500000 0.000000
vn 0.707107 -0.707107 0.000000
vn 0.707107 -0.707107 0.000000
vn 0.500000 -0.866025 0.000000
vn 0.500000 -0.866025 0.000000
vn 0.258819 -0.965926 0.000000
vn 0.258819 -0.965926 0.000000
vn 0.000000 -1.000000 0.000000
vn 0.000000 -1.000000 0.000000
vn -0.258819 -0.965926 0.000000
vn -0.258819 -0.965926 0.000000
vn -0.500000 -0.866025 0.000000
vn -0.500000 -0.866025 0.000000
vn -0.707107 -0.707107 0.000000
vn -0.707107 -0.707107 0.000000
vn -0.866025 -0.500000 0.000000
vn -0.866025 -0.500000 0.000000
vn 0.000000 0.000000 -1.000000
vn 0.000000 0.000000 -1.000000
vn 0.000000 0.000000 -1.000000
vn 0.000000 0.000000 -1.000000
vn 0.000000 0.000000 -1.000000
vn 0.000000 0.000000 -1.000000
vn 0.000000 0.000000 -1.000000
vn 0.000000 0.000000 -1.000000
vn 0.000000 0.000000 -1.000000
vn 0.000000 0.000000 -1.000000
vn 0.000000 0.000000 -1.000000
vn 0.000000 0.000000 -1.000000
vn 0.000000 0.000000 -1.000000
vn 0.000000 0.000000 -1.000000
vn 0.000000 0.000000 -1.000000
vn 0.000000 0.000000 -1.000000
vn 0.000000 0.000000 -1.000000
vn 0.000000 0.000000 -1.000000
vn 0.000000 0.000000 -1.000000
vn 0.000000 0.000000 -1.000000
vn 0.000000 0.000000 -1.000000
vn 0.000000 0.000000 -1.000000
vn 0.000000 0.000000 -1.000000
vn 0.000000 0.000000 -1.000000
vn -0.965926 0.258819 -0.000000
vn -0.965926 0.258819 -0.000000
vn -1.000000 0.000000 -0.000000
vn -1.000000 0.000000 -0.000000
vn -0.965926 -0.258819 0.000000
vn -0.965926 -0.258819 0.000000
vn -0.866025 -0.500000 0.000000
vn -0.866025 -0.500000 0.000000
vn -0.707107 -0.707107 0.000000
vn -0.707107 -0.707107 0.000000
vn -0.500000 -0.866025 0.000000
vn -0.500000 -0.866025 0.000000
vn -0.258819 -0.965926 0.000000
vn -0.258819 -0.965926 0.000000
vn 0.000000 -1.000000 -0.000000
vn 0.000000 -1.000000 -0.000000
vn 0.258819 -0.965926 -0.000000
vn 0.258819 -0.965926 -0.000000
vn 0.500000 -0.866025 -0.000000
vn 0.500000 -0.866025 -0.000000
vn 0.707107 -0.707107 -0.000000
vn 0.707107 -0.707107 -0.000000
vn 0.866025 -0.500000 -0.000000
vn 0.866025 -0.500000 -0.000000
vn 0.965926 -0.258819 -0.000000
vn 0.965926 -0.258819 -0.000000
vn 1.000000 -0.000000 -0.000000
vn 1.000000 -0.000000 -0.000000
vn 0.965926 0.258819 -0.000000
vn 0.965926 0.258819 -0.000000
vn 0.866025 0.500000 -0.000000
vn 0.866025 0.500000 -0.000000
vn 0.707107 0.707107 -0.000000
vn 0.707107 0.707107 -0.000000
vn 0.500000 0.866025 -0.000000
vn 0.500000 0.866025 -0.000000
vn 0.258819 0.965926 -0.000000
vn 0.258819 0.965926 -0.000000
vn 0.000000 1.000000 -0.000000
vn 0.000000 1.000000 -0.000000
vn -0.258819 0.965926 -0.000000
vn -0.258819 0.965926 -0.000000
vn -0.500000 0.866025 -0.000000
vn -0.500000 0.866025 -0.000000
vn -0.707107 0.707107 -0.000000
vn -0.707107 0.707107 -0.000000
vn -0.866025 0.500000 -0.000000
vn -0.866025 0.500000 -0.000000
vn -0.965926 -0.258819 0.000000
vn -0.965926 -0.258819 0.000000
vn -1.000000 -0.000000 0.000000
vn -1.000000 -0.000000 0.000000
vn -0.965926 0.258819 -0.000000
vn -0.965926 0.258819 -0.000000
vn -0.866025 0.500000 -0.000000
vn -0.866025 0.500000 -0.000000
vn -0.707107 0.707107 -0.000000
vn -0.707107 0.707107 -0.000000
vn -0.500000 0.866025 -0.000000
vn -0.500000 0.866025 -0.000000
vn -0.258819 0.965926 -0.000000
vn -0.258819 0.965926 -0.000000
vn 0.000000 1.000000 -0.000000
vn 0.000000 1.000000 -0.000000
vn 0.258819 0.965926 -0.000000
vn 0.258819 0.965926 -0.000000
vn 0.500000 0.866025 -0.000000
vn 0.500000 0.866025 -0.000000
vn 0.707107 0.707107 -0.000000
vn 0.707107 0.707107 -0.000000
vn 0.866025 0.500000 -0.000000
vn 0.866025 0.500000 -0.000000
vn 0.965926 0.258819 -0.000000
vn 0.965926 0.258819 -0.000000
vn 1.000000 -0.000000 -0.000000
vn 1.000000 -0.000000 -0.000000
vn 0.965926 -0.258819 -0.000000
vn 0.965926 -0.258819 -0.000000
vn 0.866025 -0.500000 -0.000000
vn 0.866025 -0.500000 -0.000000
vn 0.707107 -0.707107 -0.000000
vn 0.707107 -0.707107 -0.000000
vn 0.500000 -0.866025 -0.000000
vn 0.500000 -0.866025 -0.000000
vn 0.258819 -0.965926 -0.000000
vn 0.258819 -0.965926 -0.000000
vn 0.000000 -1.000000 -0.000000
vn 0.000000 -1.000000 -0.000000
vn -0.258819 -0.965926 0.000000
vn -0.258819 -0.965926 0.000000
vn -0.500000 -0.866025 0.000000
vn -0.500000 -0.866025 0.000000
vn -0.707107 -0.707107 0.000000
vn -0.707107 -0.707107 0.000000
vn -0.866025 -0.500000 0.000000
vn -0.866025 -0.500000 0.000000
vn -1.000000 -0.000000 0.000000
vn -0.965926 -0.258819 0.000000
vn -0.866025 -0.500000 0.000000
vn -0.707107 -0.707107 0.000000
vn -0.500000 -0.866025 0.000000
vn -0.258819 -0.965926 0.000000
vn 0.000000 -1.000000 -0.000000
vn 0.258819 -0.965926 -0.000000
vn 0.500000 -0.866025 -0.000000
vn 0.707107 -0.707107 -0.000000
vn 0.866025 -0.500000 -0.000000
vn 0.965926 -0.258819 -0.000000
vn 1.000000 -0.000000 -0.000000
vn 0.965926 0.258819 -0.000000
vn 0.866025 0.500000 -0.000000
vn 0.707107 0.707107 -0.000000
vn 0.500000 0.866025 -0.000000
vn 0.258819 0.965926 -0.000000
vn 0.000000 1.000000 -0.000000
vn -0.258819 0.965926 -0.000000
vn -0.500000 0.866025 -0.000000
vn -0.707107 0.707107 -0.000000
vn -0.866025 0.500000 -0.000000
vn -0.965926 0.258819 -0.000000
vn 0.000000 0.000000 1.000000
vn 0.000000 0.000000 1.000000
vn 0.000000 0.000000 1.000000
vn 0.000000 0.000000 1.000000
vn 0.000000 0.000000 1.000000
vn 0.000000 0.000000 1.000000
vn 0.000000 0.000000 1.000000
vn 0.000000 0.000000 1.000000
vn 0.000000 0.000000 1.000000
vn 0.000000 0.000000 1.000000
vn 0.000000 0.000000 1.000000
vn 0.000000 0.000000 1.000000
vn 0.000000 0.000000 1.000000
vn 0.000000 0.000000 1.000000
vn 0.000000 0.000000 1.000000
vn 0.000000 0.000000 1.000000
vn 0.000000 0.000000 1.000000
vn 0.000000 0.000000 1.000000
vn 0.000000 0.000000 1.000000
vn 0.000000 0.000000 1.000000
vn 0.000000 0.000000 1.000000
vn 0.000000 0.000000 1.000000
vn 0.000000 0.000000 1.000000
vn 0.000000 0.000000 1.000000
vn -0.965926 0.258819 -0.000000
vn -0.965926 0.258819 -0.000000
vn -1.000000 0.000000 -0.000000
vn -1.000000 0.000000 -0.000000
vn -0.965926 -0.258819 0.000000
vn -0.965926 -0.258819 0.000000
vn -0.866025 -0.500000 0.000000
vn -0.866025 -0.500000 0.000000
vn -0.707107 -0.707107 0.000000
vn -0.707107 -0.707107 0.000000
vn -0.500000 -0.866025 0.000000
vn -0.500000 -0.866025 0.000000
vn -0.258819 -0.965926 0.000000
vn -0.258819 -0.965926 0.000000
vn 0.000000 -1.000000 -0.000000
vn 0.000000 -1.000000 -0.000000
vn 0.258819 -0.965926 -0.000000
vn 0.258819 -0.965926 -0.000000
vn 0.500000 -0.866025 -0.000000
vn 0.500000 -0.866025 -0.000000
vn 0.707107 -0.707107 -0.000000
vn 0.707107 -0.707107 -0.000000
vn 0.866025 -0.500000 -0.000000
vn 0.866025 -0.500000 -0.000000
vn 0.965926 -0.258819 -0.000000
vn 0.965926 -0.258819 -0.000000
vn 1.000000 -0.000000 -0.000000
vn 1.000000 -0.000000 -0.000000
vn 0.965926 0.258819 -0.000000
vn 0.965926 0.258819 -0.000000
vn 0.866025 0.500000 -0.000000
vn 0.866025 0.500000 -0.000000
vn 0.707107 0.707107 -0.000000
vn 0.707107 0.707107 -0.000000
vn 0.500000 0.866025 -0.000000
vn 0.500000 0.866025 -0.000000
vn 0.258819 0.965926 -0.000000
vn 0.258819 0.965926 -0.000000
vn 0.000000 1.000000 -0.000000
vn 0.000000 1.000000 -0.000000
vn -0.258819 0.965926 -0.000000
vn -0.258819 0.965926 -0.000000
vn -0.500000 0.866025 -0.000000
vn -0.500000 0.866025 -0.000000
vn -0.707107 0.707107 -0.000000
vn -0.707107 0.707107 -0.000000
vn -0.866025 0.500000 -0.000000
vn -0.866025 0.500000 -0.000000
vn -0.965926 -0.258819 0.000000
vn -0.965926 -0.258819 0.000000
vn -1.000000 -0.000000 0.000000
vn -1.000000 -0.000000 0.000000
vn -0.965926 0.258819 -0.000000
vn -0.965926 0.258819 -0.000000
vn -0.866025 0.500000 -0.000000
vn -0.866025 0.500000 -0.000000
vn -0.707107 0.707107 -0.000000
vn -0.707107 0.707107 -0.000000
vn -0.500000 0.866025 -0.000000
vn -0.500000 0.866025 -0.000000
vn -0.258819 0.965926 -0.000000
vn -0.258819 0.965926 -0.000000
vn 0.000000 1.000000 -0.000000
vn 0.000000 1.000000 -0.000000
vn 0.258819 0.965926 -0.000000
vn 0.258819 0.965926 -0.000000
vn 0.500000 0.866025 -0.000000
vn 0.500000 0.866025 -0.000000
vn 0.707107 0.707107 -0.000000
vn 0.707107 0.707107 -0.000000
vn 0.866025 0.500000 -0.000000
vn 0.866025 0.500000 -0.000000
vn 0.965926 0.258819 -0.000000
vn 0.965926 0.258819 -0.000000
vn 1.000000 -0.000000 -0.000000
vn 1.000000 -0.000000 -0.000000
vn 0.965926 -0.258819 -0.000000
vn 0.965926 -0.258819 -0.000000
vn 0.866025 -0.500000 -0.000000
vn 0.866025 -0.500000 -0.000000
vn 0.707107 -0.707107 -0.000000
vn 0.707107 -0.707107 -0.000000
vn 0.500000 -0.866025 -0.000000
vn 0.500000 -0.866025 -0.000000
vn 0.258819 -0.965926 -0.000000
vn 0.258819 -0.965926 -0.000000
vn 0.000000 -1.000000 -0.000000
vn 0.000000 -1.000000 -0.000000
vn -0.258819 -0.965926 0.000000
vn -0.258819 -0.965926 0.000000
vn -0.500000 -0.866025 0.000000
vn -0.500000 -0.866025 0.000000
vn -0.707107 -0.707107 0.000000
vn -0.707107 -0.707107 0.000000
vn -0.866025 -0.500000 0.000000
vn -0.866025 -0.500000 0.000000
vn -1.000000 -0.000000 0.000000
vn -0.965926 -0.258819 0.000000
vn -0.866025 -0.500000 0.000000
vn -0.707107 -0.707107 0.000000
vn -0.500000 -0.866025 0.000000
vn -0.258819 -0.965926 0.000000
vn 0.000000 -1.000000 -0.000000
vn 0.258819 -0.965926 -0.000000
vn 0.500000 -0.866025 -0.000000
vn 0.707107 -0.707107 -0.000000
vn 0.866025 -0.500000 -0.000000
vn 0.965926 -0.258819 -0.000000
vn 1.000000 -0.000000 -0.000000
vn 0.965926 0.258819 -0.000000
vn 0.866025 0.500000 -0.000000
vn 0.707107 0.707107 -0.000000
vn 0.500000 0.866025 -0.000000
vn 0.258819 0.965926 -0.000000
vn 0.000000 1.000000 -0.000000
vn -0.258819 0.965926 -0.000000
vn -0.500000 0.866025 -0.000000
vn -0.707107 0.707107 -0.000000
vn -0.866025 0.500000 -0.000000
vn -0.965926 0.258819 -0.000000
vn -1.000000 -0.000000 0.000000
vn -0.965926 -0.258819 0.000000
vn -0.866025 -0.500000 0.000000
vn -0.707107 -0.707107 0.000000
vn -0.500000 -0.866025 0.000000
vn -0.258819 -0.965926 0.000000
vn 0.000000 -1.000000 -0.000000
vn 0.258819 -0.965926 -0.000000
vn 0.500000 -0.866025 -0.000000
vn 0.707107 -0.707107 -0.000000
vn 0.866025 -0.500000 -0.000000
vn 0.965926 -0.258819 -0.000000
vn 1.000000 -0.000000 -0.000000
vn 0.965926 0.258819 -0.000000
vn 0.866025 0.500000 -0.000000
vn 0.707107 0.707107 -0.000000
vn 0.500000 0.866025 -0.000000
vn 0.258819 0.965926 -0.000000
vn 0.000000 1.000000 -0.000000
vn -0.258819 0.965926 -0.000000
vn -0.500000 0.866025 -0.000000
vn -0.707107 0.707107 -0.000000
vn -0.866025 0.500000 -0.000000
vn -0.965926 0.258819 -0.000000
vn 0.000000 0.000000 1.000000
vn 0.000000 0.000000 1.000000
vn 0.000000 0.000000 1.000000
vn 0.000000 0.000000 1.000000
vn 0.000000 0.000000 1.000000
vn 0.000000 0.000000 1.000000
vn 0.000000 0.000000 1.000000
vn 0.000000 0.000000 1.000000
vn 0.000000 0.000000 1.000000
vn 0.000000 0.000000 1.000000
vn 0.000000 0.000000 1.000000
vn 0.000000 0.000000 1.000000
vn 0.000000 0.000000 1.000000
vn 0.000000 0.000000 1.000000
vn 0.000000 0.000000 1.000000
vn 0.000000 0.000000 1.000000
vn 0.000000 0.000000 1.000000
vn 0.000000 0.000000 1.000000
vn 0.000000 0.000000 1.000000
vn 0.000000 0.000000 1.000000
vn 0.000000 0.000000 1.000000
vn 0.000000 0.000000 1.000000
vn 0.000000 0.000000 1.000000
vn 0.000000 0.000000 1.000000
vn 0.000000 0.000000 1.000000
vn 0.000000 0.000000 1.000000
vn 0.000000 0.000000 1.000000
vn 0.000000 0.000000 1.000000
vn 0.000000 0.000000 1.000000
vn 0.000000 0.000000 1.000000
vn 0.000000 0.000000 1.000000
vn 0.000000 0.000000 1.000000
vn 0.000000 0.000000 1.000000
vn 0.000000 0.000000 1.000000
vn 0.000000 0.000000 1.000000
vn 0.000000 0.000000 1.000000
vn 0.000000 0.000000 1.000000
vn 0.000000 0.000000 1.000000
vn 0.000000 0.000000 1.000000
vn 0.000000 0.000000 1.000000
vn 0.000000 0.000000 1.000000
vn 0.000000 0.000000 1.000000
vn 0.000000 0.000000 1.000000
vn 0.000000 0.000000 1.000000
vn 0.000000 0.000000 1.000000
vn 0.000000 0.000000 1.000000
vn 0.000000 0.000000 1.000000
vn 0.000000 0.000000 1.000000
vn -0.000000 -0.000000 -1.000000
vn -0.000000 -0.000000 -1.000000
vn -0.000000 -0.000000 -1.000000
vn -0.000000 -0.000000 -1.000000
vn -0.000000 -0.000000 -1.000000
vn -0.000000 -0.000000 -1.000000
vn -0.000000 -0.000000 -1.000000
vn -0.000000 -0.000000 -1.000000
vn -0.000000 -0.000000 -1.000000
vn -0.000000 -0.000000 -1.000000
vn -0.000000 -0.000000 -1.000000
vn -0.000000 -0.000000 -1.000000
vn -0.000000 -0.000000 -1.000000
vn -0.000000 -0.000000 -1.000000
vn -0.000000 -0.000000 -1.000000
vn -0.000000 -0.000000 -1.000000
vn -0.000000 -0.000000 -1.000000
vn -0.000000 -0.000000 -1.000000
vn -0.000000 -0.000000 -1.000000
vn -0.000000 -0.000000 -1.000000
vn -0.000000 -0.000000 -1.000000
vn -0.000000 -0.000000 -1.000000
vn -0.000000 -0.000000 -1.000000
vn -0.000000 -0.000000 -1.000000
vn -0.000000 -0.000000 -1.000000
vn -0.000000 -0.000000 -1.000000
vn -0.000000 -0.000000 -1.000000
vn -0.000000 -0.000000 -1.000000
vn -0.000000 -0.000000 -1.000000
vn -0.000000 -0.000000 -1.000000
vn -0.000000 -0.000000 -1.000000
vn -0.000000 -0.000000 -1.000000
vn -0.000000 -0.000000 -1.000000
vn -0.000000 -0.000000 -1.000000
vn -0.000000 -0.000000 -1.000000
vn -0.000000 -0.000000 -1.000000
vn -0.000000 -0.000000 -1.000000
vn -0.000000 -0.000000 -1.000000
vn -0.000000 -0.000000 -1.000000
vn -0.000000 -0.000000 -1.000000
vn -0.000000 -0.000000 -1.000000
vn -0.000000 -0.000000 -1.000000
vn -0.000000 -0.000000 -1.000000
vn -0.000000 -0.000000 -1.000000
vn -0.000000 -0.000000 -1.000000
vn -0.000000 -0.000000 -1.000000
vn -0.000000 -0.000000 -1.000000
vn -0.000000 -0.000000 -1.000000
usemtl LED_-_SMD_3528_-_8lm_(White)
f 2/1/1 48/2/2 1/3/3
f 1/3/3 48/2/2 25/4/4
f 1/5/3 25/6/4 24/7/5
f 24/7/5 25/6/4 26/8/6
f 24/7/5 26/8/6 23/9/7
f 23/9/7 26/8/6 27/10/8
f 23/9/7 27/10/8 22/11/9
f 22/11/9 27/10/8 28/12/10
f 22/11/9 28/12/10 21/13/11
f 21/13/11 28/12/10 29/14/12
f 21/13/11 29/14/12 20/15/13
f 20/15/13 29/14/12 30/16/14
f 20/15/13 30/16/14 19/17/15
f 19/17/15 30/16/14 31/18/16
f 19/17/15 31/18/16 18/19/17
f 18/19/17 31/18/16 32/20/18
f 18/19/17 32/20/18 17/21/19
f 17/21/19 32/20/18 33/22/20
f 17/21/19 33/22/20 16/23/21
f 16/23/21 33/22/20 34/24/22
f 16/23/21 34/24/22 15/25/23
f 15/25/23 34/24/22 35/26/24
f 15/25/23 35/26/24 14/27/25
f 14/27/25 35/26/24 36/28/26
f 14/27/25 36/28/26 13/29/27
f 13/29/27 36/28/26 37/30/28
f 13/29/27 37/30/28 12/31/29
f 12/31/29 37/30/28 38/32/30
f 12/31/29 38/32/30 11/33/31
f 11/33/31 38/32/30 39/34/32
f 11/33/31 39/34/32 10/35/33
f 10/35/33 39/34/32 40/36/34
f 10/35/33 40/36/34 9/37/35
f 9/37/35 40/36/34 41/38/36
f 9/37/35 41/38/36 8/39/37
f 8/39/37 41/38/36 42/40/38
f 8/39/37 42/40/38 7/41/39
f 7/41/39 42/40/38 43/42/40
f 7/41/39 43/42/40 6/43/41
f 6/43/41 43/42/40 44/44/42
f 6/43/41 44/44/42 5/45/43
f 5/45/43 44/44/42 45/46/44
f 5/45/43 45/46/44 4/47/45
f 4/47/45 45/46/44 46/48/46
f 4/47/45 46/48/46 3/49/47
f 3/49/47 46/48/46 47/50/48
f 3/49/47 47/50/48 2/1/1
f 2/1/1 47/50/48 48/2/2
usemtl Coating_-_Black_Oxide
f 24/51/49 14/52/50 1/53/51
f 1/53/51 14/52/50 13/54/52
f 1/53/51 13/54/52 2/55/53
f 2/55/53 13/54/52 12/56/54
f 2/55/53 12/56/54 3/57/55
f 3/57/55 12/56/54 11/58/56
f 3/57/55 11/58/56 4/59/57
f 4/59/57 11/58/56 10/60/58
f 4/59/57 10/60/58 5/61/59
f 5/61/59 10/60/58 9/62/60
f 5/61/59 9/62/60 6/63/61
f 6/63/61 9/62/60 8/64/62
f 6/63/61 8/64/62 7/65/63
f 14/52/50 24/51/49 15/66/64
f 15/66/64 24/51/49 23/67/65
f 15/66/64 23/67/65 16/68/66
f 16/68/66 23/67/65 22/69/67
f 16/68/66 22/69/67 17/70/68
f 17/70/68 22/69/67 21/71/69
f 17/70/68 21/71/69 18/72/70
f 18/72/70 21/71/69 20/73/71
f 18/72/70 20/73/71 19/74/72
usemtl Paint_-_Metallic_(Yellow)
f 50/75/73 100/76/74 49/77/75
f 49/77/75 100/76/74 97/78/76
f 49/79/75 97/80/76 72/81/77
f 72/81/77 97/80/76 166/82/78
f 72/81/77 166/82/78 71/83/79
f 71/83/79 166/82/78 163/84/80
f 71/83/79 163/84/80 70/85/81
f 70/85/81 163/84/80 160/86/82
f 70/85/81 160/86/82 69/87/83
f 69/87/83 160/86/82 157/88/84
f 69/87/83 157/88/84 68/89/85
f 68/89/85 157/88/84 154/90/86
f 68/89/85 154/90/86 67/91/87
f 67/91/87 154/90/86 151/92/88
f 67/91/87 151/92/88 66/93/89
f 66/93/89 151/92/88 148/94/90
f 66/93/89 148/94/90 65/95/91
f 65/95/91 148/94/90 145/96/92
f 65/95/91 145/96/92 64/97/93
f 64/97/93 145/96/92 142/98/94
f 64/97/93 142/98/94 63/99/95
f 63/99/95 142/98/94 139/100/96
f 63/99/95 139/100/96 62/101/97
f 62/101/97 139/100/96 136/102/98
f 62/101/97 136/102/98 61/103/99
f 61/103/99 136/102/98 133/104/100
f 61/103/99 133/104/100 60/105/101
f 60/105/101 133/104/100 130/106/102
f 60/105/101 130/106/102 59/107/103
f 59/107/103 130/106/102 127/108/104
f 59/107/103 127/108/104 58/109/105
f 58/109/105 127/108/104 124/110/106
f 58/109/105 124/110/106 57/111/107
f 57/111/107 124/110/106 121/112/108
f 57/111/107 121/112/108 56/113/109
f 56/113/109 121/112/108 118/114/110
f 56/113/109 118/114/110 55/115/111
f 55/115/111 118/114/110 115/116/112
f 55/115/111 115/116/112 54/117/113
f 54/117/113 115/116/112 112/118/114
f 54/117/113 112/118/114 53/119/115
f 53/119/115 112/118/114 109/120/116
f 53/119/115 109/120/116 52/121/117
f 52/121/117 109/120/116 106/122/118
f 52/121/117 106/122/118 51/123/119
f 51/123/119 106/122/118 103/124/120
f 51/123/119 103/124/120 50/75/73
f 50/75/73 103/124/120 100/76/74
f 74/125/121 168/126/122 73/127/123
f 73/127/123 168/126/122 99/128/124
f 73/129/123 99/130/124 96/131/125
f 96/131/125 99/130/124 102/132/126
f 96/131/125 102/132/126 95/133/127
f 95/133/127 102/132/126 105/134/128
f 95/133/127 105/134/128 94/135/129
f 94/135/129 105/134/128 108/136/130
f 94/135/129 108/136/130 93/137/131
f 93/137/131 108/136/130 111/138/132
f 93/137/131 111/138/132 92/139/133
f 92/139/133 111/138/132 114/140/134
f 92/139/133 114/140/134 91/141/135
f 91/141/135 114/140/134 117/142/136
f 91/141/135 117/142/136 90/143/137
f 90/143/137 117/142/136 120/144/138
f 90/143/137 120/144/138 89/145/139
f 89/145/139 120/144/138 123/146/140
f 89/145/139 123/146/140 88/147/141
f 88/147/141 123/146/140 126/148/142
f 88/147/141 126/148/142 87/149/143
f 87/149/143 126/148/142 129/150/144
f 87/149/143 129/150/144 86/151/145
f 86/151/145 129/150/144 132/152/146
f 86/151/145 132/152/146 85/153/147
f 85/153/147 132/152/146 135/154/148
f 85/153/147 135/154/148 84/155/149
f 84/155/149 135/154/148 138/156/150
f 84/155/149 138/156/150 83/157/151
f 83/157/151 138/156/150 141/158/152
f 83/157/151 141/158/152 82/159/153
f 82/159/153 141/158/152 144/160/154
f 82/159/153 144/160/154 81/161/155
f 81/161/155 144/160/154 147/162/156
f 81/161/155 147/162/156 80/163/157
f 80/163/157 147/162/156 150/164/158
f 80/163/157 150/164/158 79/165/159
f 79/165/159 150/164/158 153/166/160
f 79/165/159 153/166/160 78/167/161
f 78/167/161 153/166/160 156/168/162
f 78/167/161 156/168/162 77/169/163
f 77/169/163 156/168/162 159/170/164
f 77/169/163 159/170/164 76/171/165
f 76/171/165 159/170/164 162/172/166
f 76/171/165 162/172/166 75/173/167
f 75/173/167 162/172/166 165/174/168
f 75/173/167 165/174/168 74/125/121
f 74/125/121 165/174/168 168/126/122
f 97/80/76 98/175/169 166/82/78
f 166/82/78 98/175/169 167/176/170
f 166/82/78 167/176/170 163/84/80
f 163/84/80 167/176/170 164/177/171
f 163/84/80 164/177/171 160/86/82
f 160/86/82 164/177/171 161/178/172
f 160/86/82 161/178/172 157/88/84
f 157/88/84 161/178/172 158/179/173
f 157/88/84 158/179/173 154/90/86
f 154/90/86 158/179/173 155/180/174
f 154/90/86 155/180/174 151/92/88
f 151/92/88 155/180/174 152/181/175
f 151/92/88 152/181/175 148/94/90
f 148/94/90 152/181/175 149/182/176
f 148/94/90 149/182/176 145/96/92
f 145/96/92 149/182/176 146/183/177
f 145/96/92 146/183/177 142/98/94
f 142/98/94 146/183/177 143/184/178
f 142/98/94 143/184/178 139/100/96
f 139/100/96 143/184/178 140/185/179
f 139/100/96 140/185/179 136/102/98
f 136/102/98 140/185/179 137/186/180
f 136/102/98 137/186/180 133/104/100
f 133/104/100 137/186/180 134/187/181
f 133/104/100 134/187/181 130/106/102
f 130/106/102 134/187/181 131/188/182
f 130/106/102 131/188/182 127/108/104
f 127/108/104 131/188/182 128/189/183
f 127/108/104 128/189/183 124/110/106
f 124/110/106 128/189/183 125/190/184
f 124/110/106 125/190/184 121/112/108
f 121/112/108 125/190/184 122/191/185
f 121/112/108 122/191/185 118/114/110
f 118/114/110 122/191/185 119/192/186
f 118/114/110 119/192/186 115/116/112
f 115/116/112 119/192/186 116/193/187
f 115/116/112 116/193/187 112/118/114
f 112/118/114 116/193/187 113/194/188
f 112/118/114 113/194/188 109/120/116
f 109/120/116 113/194/188 110/195/189
f 109/120/116 110/195/189 106/122/118
f 106/122/118 110/195/189 107/196/190
f 106/122/118 107/196/190 103/124/120
f 103/124/120 107/196/190 104/197/191
f 103/124/120 104/197/191 100/76/74
f 100/76/74 104/197/191 101/198/192
f 100/76/74 101/198/192 97/78/76
f 97/78/76 101/198/192 98/199/169
f 98/175/169 99/128/124 167/176/170
f 167/176/170 99/128/124 168/126/122
f 167/176/170 168/126/122 164/177/171
f 164/177/171 168/126/122 165/174/168
f 164/177/171 165/174/168 161/178/172
f 161/178/172 165/174/168 162/172/166
f 161/178/172 162/172/166 158/179/173
f 158/179/173 162/172/166 159/170/164
f 158/179/173 159/170/164 155/180/174
f 155/180/174 159/170/164 156/168/162
f 155/180/174 156/168/162 152/181/175
f 152/181/175 156/168/162 153/166/160
f 152/181/175 153/166/160 149/182/176
f 149/182/176 153/166/160 150/164/158
f 149/182/176 150/164/158 146/183/177
f 146/183/177 150/164/158 147/162/156
f 146/183/177 147/162/156 143/184/178
f 143/184/178 147/162/156 144/160/154
f 143/184/178 144/160/154 140/185/179
f 140/185/179 144/160/154 141/158/152
f 140/185/179 141/158/152 137/186/180
f 137/186/180 141/158/152 138/156/150
f 137/186/180 138/156/150 134/187/181
f 134/187/181 138/156/150 135/154/148
f 134/187/181 135/154/148 131/188/182
f 131/188/182 135/154/148 132/152/146
f 131/188/182 132/152/146 128/189/183
f 128/189/183 132/152/146 129/150/144
f 128/189/183 129/150/144 125/190/184
f 125/190/184 129/150/144 126/148/142
f 125/190/184 126/148/142 122/191/185
f 122/191/185 126/148/142 123/146/140
f 122/191/185 123/146/140 119/192/186
f 119/192/186 123/146/140 120/144/138
f 119/192/186 120/144/138 116/193/187
f 116/193/187 120/144/138 117/142/136
f 116/193/187 117/142/136 113/194/188
f 113/194/188 117/142/136 114/140/134
f 113/194/188 114/140/134 110/195/189
f 110/195/189 114/140/134 111/138/132
f 110/195/189 111/138/132 107/196/190
f 107/196/190 111/138/132 108/136/130
f 107/196/190 108/136/130 104/197/191
f 104/197/191 108/136/130 105/134/128
f 104/197/191 105/134/128 101/198/192
f 101/198/192 105/134/128 102/132/126
f 101/198/192 102/132/126 98/199/169
f 98/199/169 102/132/126 99/130/124
f 72/200/193 62/201/194 49/202/195
f 49/202/195 62/201/194 61/203/196
f 49/202/195 61/203/196 50/204/197
f 50/204/197 61/203/196 60/205/198
f 50/204/197 60/205/198 51/206/199
f 51/206/199 60/205/198 59/207/200
f 51/206/199 59/207/200 52/208/201
f 52/208/201 59/207/200 58/209/202
f 52/208/201 58/209/202 53/210/203
f 53/210/203 58/209/202 57/211/204
f 53/210/203 57/211/204 54/212/205
f 54/212/205 57/211/204 56/213/206
f 54/212/205 56/213/206 55/214/207
f 62/201/194 72/200/193 63/215/208
f 63/215/208 72/200/193 71/216/209
f 63/215/208 71/216/209 64/217/210
f 64/217/210 71/216/209 70/218/211
f 64/217/210 70/218/211 65/219/212
f 65/219/212 70/218/211 69/220/213
f 65/219/212 69/220/213 66/221/214
f 66/221/214 69/220/213 68/222/215
f 66/221/214 68/222/215 67/223/216
usemtl LED_-_SMD_3528_-_8lm_(White)
f 170/224/217 221/225/218 169/226/219
f 169/226/219 221/225/218 217/227/220
f 169/228/219 217/229/220 192/230/221
f 192/230/221 217/229/220 309/231/222
f 192/230/221 309/231/222 191/232/223
f 191/232/223 309/231/222 305/233/224
f 191/232/223 305/233/224 190/234/225
f 190/234/225 305/233/224 301/235/226
f 190/234/225 301/235/226 189/236/227
f 189/236/227 301/235/226 297/237/228
f 189/236/227 297/237/228 188/238/229
f 188/238/229 297/237/228 293/239/230
f 188/238/229 293/239/230 187/240/231
f 187/240/231 293/239/230 289/241/232
f 187/240/231 289/241/232 186/242/233
f 186/242/233 289/241/232 285/243/234
f 186/242/233 285/243/234 185/244/235
f 185/244/235 285/243/234 281/245/236
f 185/244/235 281/245/236 184/246/237
f 184/246/237 281/245/236 277/247/238
f 184/246/237 277/247/238 183/248/239
f 183/248/239 277/247/238 273/249/240
f 183/248/239 273/249/240 182/250/241
f 182/250/241 273/249/240 269/251/242
f 182/250/241 269/251/242 181/252/243
f 181/252/243 269/251/242 265/253/244
f 181/252/243 265/253/244 180/254/245
f 180/254/245 265/253/244 261/255/246
f 180/254/245 261/255/246 179/256/247
f 179/256/247 261/255/246 257/257/248
f 179/256/247 257/257/248 178/258/249
f 178/258/249 257/257/248 253/259/250
f 178/258/249 253/259/250 177/260/251
f 177/260/251 253/259/250 249/261/252
f 177/260/251 249/261/252 176/262/253
f 176/262/253 249/261/252 245/263/254
f 176/262/253 245/263/254 175/264/255
f 175/264/255 245/263/254 241/265/256
f 175/264/255 241/265/256 174/266/257
f 174/266/257 241/265/256 237/267/258
f 174/266/257 237/267/258 173/268/259
f 173/268/259 237/267/258 233/269/260
f 173/268/259 233/269/260 172/270/261
f 172/270/261 233/269/260 229/271/262
f 172/270/261 229/271/262 171/272/263
f 171/272/263 229/271/262 225/273/264
f 171/272/263 225/273/264 170/224/217
f 170/224/217 225/273/264 221/225/218
f 194/274/265 312/275/266 193/276/267
f 193/276/267 312/275/266 220/277/268
f 193/278/267 220/279/268 216/280/269
f 216/280/269 220/279/268 224/281/270
f 216/280/269 224/281/270 215/282/271
f 215/282/271 224/281/270 228/283/272
f 215/282/271 228/283/272 214/284/273
f 214/284/273 228/283/272 232/285/274
f 214/284/273 232/285/274 213/286/275
f 213/286/275 232/285/274 236/287/276
f 213/286/275 236/287/276 212/288/277
f 212/288/277 236/287/276 240/289/278
f 212/288/277 240/289/278 211/290/279
f 211/290/279 240/289/278 244/291/280
f 211/290/279 244/291/280 210/292/281
f 210/292/281 244/291/280 248/293/282
f 210/292/281 248/293/282 209/294/283
f 209/294/283 248/293/282 252/295/284
f 209/294/283 252/295/284 208/296/285
f 208/296/285 252/295/284 256/297/286
f 208/296/285 256/297/286 207/298/287
f 207/298/287 256/297/286 260/299/288
f 207/298/287 260/299/288 206/300/289
f 206/300/289 260/299/288 264/301/290
f 206/300/289 264/301/290 205/302/291
f 205/302/291 264/301/290 268/303/292
f 205/302/291 268/303/292 204/304/293
f 204/304/293 268/303/292 272/305/294
f 204/304/293 272/305/294 203/306/295
f 203/306/295 272/305/294 276/307/296
f 203/306/295 276/307/296 202/308/297
f 202/308/297 276/307/296 280/309/298
f 202/308/297 280/309/298 201/310/299
f 201/310/299 280/309/298 284/311/300
f 201/310/299 284/311/300 200/312/301
f 200/312/301 284/311/300 288/313/302
f 200/312/301 288/313/302 199/314/303
f 199/314/303 288/313/302 292/315/304
f 199/314/303 292/315/304 198/316/305
f 198/316/305 292/315/304 296/317/306
f 198/316/305 296/317/306 197/318/307
f 197/318/307 296/317/306 300/319/308
f 197/318/307 300/319/308 196/320/309
f 196/320/309 300/319/308 304/321/310
f 196/320/309 304/321/310 195/322/311
f 195/322/311 304/321/310 308/323/312
f 195/322/311 308/323/312 194/274/265
f 194/274/265 308/323/312 312/275/266
f 217/229/220 218/324/313 309/231/222
f 309/231/222 218/324/313 310/325/314
f 309/231/222 310/325/314 305/233/224
f 305/233/224 310/325/314 306/326/315
f 305/233/224 306/326/315 301/235/226
f 301/235/226 306/326/315 302/327/316
f 301/235/226 302/327/316 297/237/228
f 297/237/228 302/327/316 298/328/317
f 297/237/228 298/328/317 293/239/230
f 293/239/230 298/328/317 294/329/318
f 293/239/230 294/329/318 289/241/232
f 289/241/232 294/329/318 290/330/319
f 289/241/232 290/330/319 285/243/234
f 285/243/234 290/330/319 286/331/320
f 285/243/234 286/331/320 281/245/236
f 281/245/236 286/331/320 282/332/321
f 281/245/236 282/332/321 277/247/238
f 277/247/238 282/332/321 278/333/322
f 277/247/238 278/333/322 273/249/240
f 273/249/240 278/333/322 274/334/323
f 273/249/240 274/334/323 269/251/242
f 269/251/242 274/334/323 270/335/324
f 269/251/242 270/335/324 265/253/244
f 265/253/244 270/335/324 266/336/325
f 265/253/244 266/336/325 261/255/246
f 261/255/246 266/336/325 262/337/326
f 261/255/246 262/337/326 257/257/248
f 257/257/248 262/337/326 258/338/327
f 257/257/248 258/338/327 253/259/250
f 253/259/250 258/338/327 254/339/328
f 253/259/250 254/339/328 249/261/252
f 249/261/252 254/339/328 250/340/329
f 249/261/252 250/340/329 245/263/254
f 245/263/254 250/340/329 246/341/330
f 245/263/254 246/341/330 241/265/256
f 241/265/256 246/341/330 242/342/331
f 241/265/256 242/342/331 237/267/258
f 237/267/258 242/342/331 238/343/332
f 237/267/258 238/343/332 233/269/260
f 233/269/260 238/343/332 234/344/333
f 233/269/260 234/344/333 229/271/262
f 229/271/262 234/344/333 230/345/334
f 229/271/262 230/345/334 225/273/264
f 225/273/264 230/345/334 226/346/335
f 225/273/264 226/346/335 221/225/218
f 221/225/218 226/346/335 222/347/336
f 221/225/218 222/347/336 217/227/220
f 217/227/220 222/347/336 218/348/313
f 218/324/313 219/349/337 310/325/314
f 310/325/314 219/349/337 311/350/338
f 310/325/314 311/350/338 306/326/315
f 306/326/315 311/350/338 307/351/339
f 306/326/315 307/351/339 302/327/316
f 302/327/316 307/351/339 303/352/340
f 302/327/316 303/352/340 298/328/317
f 298/328/317 303/352/340 299/353/341
f 298/328/317 299/353/341 294/329/318
f 294/329/318 299/353/341 295/354/342
f 294/329/318 295/354/342 290/330/319
f 290/330/319 295/354/342 291/355/343
f 290/330/319 291/355/343 286/331/320
f 286/331/320 291/355/343 287/356/344
f 286/331/320 287/356/344 282/332/321
f 282/332/321 287/356/344 283/357/345
f 282/332/321 283/357/345 278/333/322
f 278/333/322 283/357/345 279/358/346
f 278/333/322 279/358/346 274/334/323
f 274/334/323 279/358/346 275/359/347
f 274/334/323 275/359/347 270/335/324
f 270/335/324 275/359/347 271/360/348
f 270/335/324 271/360/348 266/336/325
f 266/336/325 271/360/348 267/361/349
f 266/336/325 267/361/349 262/337/326
f 262/337/326 267/361/349 263/362/350
f 262/337/326 263/362/350 258/338/327
f 258/338/327 263/362/350 259/363/351
f 258/338/327 259/363/351 254/339/328
f 254/339/328 259/363/351 255/364/352
f 254/339/328 255/364/352 250/340/329
f 250/340/329 255/364/352 251/365/353
f 250/340/329 251/365/353 246/341/330
f 246/341/330 251/365/353 247/366/354
f 246/341/330 247/366/354 242/342/331
f 242/342/331 247/366/354 243/367/355
f 242/342/331 243/367/355 238/343/332
f 238/343/332 243/367/355 239/368/356
f 238/343/332 239/368/356 234/344/333
f 234/344/333 239/368/356 235/369/357
f 234/344/333 235/369/357 230/345/334
f 230/345/334 235/369/357 231/370/358
f 230/345/334 231/370/358 226/346/335
f 226/346/335 231/370/358 227/371/359
f 226/346/335 227/371/359 222/347/336
f 222/347/336 227/371/359 223/372/360
f 222/347/336 223/372/360 218/348/313
f 218/348/313 223/372/360 219/373/337
f 219/349/337 220/277/268 311/350/338
f 311/350/338 220/277/268 312/275/266
f 311/350/338 312/275/266 307/351/339
f 307/351/339 312/275/266 308/323/312
f 307/351/339 308/323/312 303/352/340
f 303/352/340 308/323/312 304/321/310
f 303/352/340 304/321/310 299/353/341
f 299/353/341 304/321/310 300/319/308
f 299/353/341 300/319/308 295/354/342
f 295/354/342 300/319/308 296/317/306
f 295/354/342 296/317/306 291/355/343
f 291/355/343 296/317/306 292/315/304
f 291/355/343 292/315/304 287/356/344
f 287/356/344 292/315/304 288/313/302
f 287/356/344 288/313/302 283/357/345
f 283/357/345 288/313/302 284/311/300
f 283/357/345 284/311/300 279/358/346
f 279/358/346 284/311/300 280/309/298
f 279/358/346 280/309/298 275/359/347
f 275/359/347 280/309/298 276/307/296
f 275/359/347 276/307/296 271/360/348
f 271/360/348 276/307/296 272/305/294
f 271/360/348 272/305/294 267/361/349
f 267/361/349 272/305/294 268/303/292
f 267/361/349 268/303/292 263/362/350
f 263/362/350 268/303/292 264/301/290
f 263/362/350 264/301/290 259/363/351
f 259/363/351 264/301/290 260/299/288
f 259/363/351 260/299/288 255/364/352
f 255/364/352 260/299/288 256/297/286
f 255/364/352 256/297/286 251/365/353
f 251/365/353 256/297/286 252/295/284
f 251/365/353 252/295/284 247/366/354
f 247/366/354 252/295/284 248/293/282
f 247/366/354 248/293/282 243/367/355
f 243/367/355 248/293/282 244/291/280
f 243/367/355 244/291/280 239/368/356
f 239/368/356 244/291/280 240/289/278
f 239/368/356 240/289/278 235/369/357
f 235/369/357 240/289/278 236/287/276
f 235/369/357 236/287/276 231/370/358
f 231/370/358 236/287/276 232/285/274
f 231/370/358 232/285/274 227/371/359
f 227/371/359 232/285/274 228/283/272
f 227/371/359 228/283/272 223/372/360
f 223/372/360 228/283/272 224/281/270
f 223/372/360 224/281/270 219/373/337
f 219/373/337 224/281/270 220/279/268
f 74/374/361 73/375/362 169/376/363
f 169/376/363 73/375/362 96/377/364
f 169/376/363 96/377/364 170/378/365
f 170/378/365 96/377/364 95/379/366
f 170/378/365 95/379/366 171/380/367
f 171/380/367 95/379/366 94/381/368
f 171/380/367 94/381/368 172/382/369
f 172/382/369 94/381/368 93/383/370
f 172/382/369 93/383/370 173/384/371
f 173/384/371 93/383/370 92/385/372
f 173/384/371 92/385/372 174/386/373
f 174/386/373 92/385/372 91/387/374
f 174/386/373 91/387/374 175/388/375
f 175/388/375 91/387/374 176/389/376
f 176/389/376 91/387/374 90/390/377
f 176/389/376 90/390/377 177/391/378
f 177/391/378 90/390/377 89/392/379
f 177/391/378 89/392/379 178/393/380
f 178/393/380 89/392/379 88/394/381
f 178/393/380 88/394/381 179/395/382
f 179/395/382 88/394/381 87/396/383
f 179/395/382 87/396/383 180/397/384
f 180/397/384 87/396/383 86/398/385
f 180/397/384 86/398/385 181/399/386
f 181/399/386 86/398/385 85/400/387
f 181/399/386 85/400/387 182/401/388
f 182/401/388 85/400/387 84/402/389
f 182/401/388 84/402/389 83/403/390
f 182/401/388 83/403/390 183/404/391
f 183/404/391 83/403/390 82/405/392
f 183/404/391 82/405/392 184/406/393
f 184/406/393 82/405/392 81/407/394
f 184/406/393 81/407/394 185/408/395
f 185/408/395 81/407/394 80/409/396
f 185/408/395 80/409/396 186/410/397
f 186/410/397 80/409/396 79/411/398
f 186/410/397 79/411/398 187/412/399
f 187/412/399 79/411/398 188/413/400
f 188/413/400 79/411/398 78/414/401
f 188/413/400 78/414/401 189/415/402
f 189/415/402 78/414/401 77/416/403
f 189/415/402 77/416/403 190/417/404
f 190/417/404 77/416/403 76/418/405
f 190/417/404 76/418/405 191/419/406
f 191/419/406 76/418/405 75/420/407
f 191/419/406 75/420/407 192/421/408
f 192/421/408 75/420/407 74/374/361
f 192/421/408 74/374/361 169/376/363
f 26/422/409 25/423/410 205/424/411
f 205/424/411 25/423/410 48/425/412
f 205/424/411 48/425/412 206/426/413
f 206/426/413 48/425/412 47/427/414
f 206/426/413 47/427/414 207/428/415
f 207/428/415 47/427/414 46/429/416
f 207/428/415 46/429/416 208/430/417
f 208/430/417 46/429/416 45/431/418
f 208/430/417 45/431/418 209/432/419
f 209/432/419 45/431/418 44/433/420
f 209/432/419 44/433/420 210/434/421
f 210/434/421 44/433/420 43/435/422
f 210/434/421 43/435/422 211/436/423
f 211/436/423 43/435/422 212/437/424
f 212/437/424 43/435/422 42/438/425
f 212/437/424 42/438/425 213/439/426
f 213/439/426 42/438/425 41/440/427
f 213/439/426 41/440/427 214/441/428
f 214/441/428 41/440/427 40/442/429
f 214/441/428 40/442/429 215/443/430
f 215/443/430 40/442/429 39/444/431
f 215/443/430 39/444/431 216/445/432
f 216/445/432 39/444/431 38/446/433
f 216/445/432 38/446/433 193/447/434
f 193/447/434 38/446/433 37/448/435
f 193/447/434 37/448/435 194/449/436
f 194/449/436 37/448/435 36/450/437
f 194/449/436 36/450/437 35/451/438
f 194/449/436 35/451/438 195/452/439
f 195/452/439 35/451/438 34/453/440
f 195/452/439 34/453/440 196/454/441
f 196/454/441 34/453/440 33/455/442
f 196/454/441 33/455/442 197/456/443
f 197/456/443 33/455/442 32/457/444
f 197/456/443 32/457/444 198/458/445
f 198/458/445 32/457/444 31/459/446
f 198/458/445 31/459/446 199/460/447
f 199/460/447 31/459/446 200/461/448
f 200/461/448 31/459/446 30/462/449
f 200/461/448 30/462/449 201/463/450
f 201/463/450 30/462/449 29/464/451
f 201/463/450 29/464/451 202/465/452
f 202/465/452 29/464/451 28/466/453
f 202/465/452 28/466/453 203/467/454
f 203/467/454 28/466/453 27/468/455
f 203/467/454 27/468/455 204/469/456
f 204/469/456 27/468/455 26/422/409
f 204/469/456 26/422/409 205/424/411
g Body2

v -3.090357 2.226519 6.400000
v -3.140357 2.226519 6.313397
v -3.240357 2.226519 6.313397
v -3.290357 2.226519 6.400000
v -3.240357 2.226519 6.486603
v -3.140357 2.226519 6.486603
v -2.940357 1.966712 6.400000
v -2.640357 1.966712 6.400000
v -2.490357 2.226519 6.400000
v -2.640357 2.486327 6.400000
v -2.940357 2.486327 6.400000
v -3.087006 2.271232 6.400000
v -3.077028 2.314946 6.400000
v -3.060647 2.356685 6.400000
v -3.038228 2.395515 6.400000
v -3.010272 2.430571 6.400000
v -2.977404 2.461069 6.400000
v -2.899959 2.505782 6.400000
v -2.857113 2.518998 6.400000
v -2.812776 2.525681 6.400000
v -2.767938 2.525681 6.400000
v -2.723600 2.518998 6.400000
v -2.680754 2.505782 6.400000
v -2.603310 2.461069 6.400000
v -2.570441 2.430571 6.400000
v -2.542485 2.395515 6.400000
v -2.520066 2.356685 6.400000
v -2.503685 2.314946 6.400000
v -2.493707 2.271232 6.400000
v -2.493707 2.181807 6.400000
v -2.503685 2.138093 6.400000
v -2.520066 2.096354 6.400000
v -2.542485 2.057523 6.400000
v -2.570441 2.022468 6.400000
v -2.603310 1.991970 6.400000
v -2.680754 1.947257 6.400000
v -2.723600 1.934041 6.400000
v -2.767938 1.927358 6.400000
v -2.812776 1.927358 6.400000
v -2.857113 1.934041 6.400000
v -2.899959 1.947257 6.400000
v -2.977404 1.991970 6.400000
v -3.010272 2.022468 6.400000
v -3.038228 2.057523 6.400000
v -3.060647 2.096354 6.400000
v -3.077028 2.138093 6.400000
v -3.087006 2.181807 6.400000
v -3.093764 2.226519 6.425882
v -3.103754 2.226519 6.450000
v -3.119646 2.226519 6.470711
v -3.164475 2.226519 6.496593
v -3.190357 2.226519 6.500000
v -3.216239 2.226519 6.496593
v -3.261067 2.226519 6.470711
v -3.276959 2.226519 6.450000
v -3.286949 2.226519 6.425882
v -3.286949 2.226519 6.374118
v -3.276959 2.226519 6.350000
v -3.261067 2.226519 6.329289
v -3.216239 2.226519 6.303407
v -3.190357 2.226519 6.300000
v -3.164475 2.226519 6.303407
v -3.119646 2.226519 6.329289
v -3.103754 2.226519 6.350000
v -3.093764 2.226519 6.374118
v -3.090375 2.271740 6.425882
v -3.100254 2.273229 6.450000
v -3.115968 2.275597 6.470711
v -3.136447 2.278684 6.486603
v -3.160296 2.282279 6.496593
v -3.185889 2.286136 6.500000
v -3.211482 2.289994 6.496593
v -3.235330 2.293588 6.486603
v -3.255810 2.296675 6.470711
v -3.271524 2.299044 6.450000
v -3.281403 2.300533 6.425882
v -3.284772 2.301041 6.400000
v -3.281403 2.300533 6.374118
v -3.271524 2.299044 6.350000
v -3.255810 2.296675 6.329289
v -3.235330 2.293588 6.313397
v -3.211482 2.289994 6.303407
v -3.185889 2.286136 6.300000
v -3.160296 2.282279 6.303407
v -3.136447 2.278684 6.313397
v -3.115968 2.275597 6.329289
v -3.100254 2.273229 6.350000
v -3.090375 2.271740 6.374118
v -3.090375 2.181299 6.374118
v -3.100254 2.179810 6.350000
v -3.115968 2.177441 6.329289
v -3.136447 2.174355 6.313397
v -3.160296 2.170760 6.303407
v -3.185889 2.166902 6.300000
v -3.211482 2.163045 6.303407
v -3.235330 2.159450 6.313397
v -3.255810 2.156364 6.329289
v -3.271524 2.153995 6.350000
v -3.281403 2.152506 6.374118
v -3.284772 2.151998 6.400000
v -3.281403 2.152506 6.425882
v -3.271524 2.153995 6.450000
v -3.255810 2.156364 6.470711
v -3.235330 2.159450 6.486603
v -3.211482 2.163045 6.496593
v -3.185889 2.166902 6.500000
v -3.160296 2.170760 6.496593
v -3.136447 2.174355 6.486603
v -3.115968 2.177441 6.470711
v -3.100254 2.179810 6.450000
v -3.090375 2.181299 6.425882
v -2.901204 1.944085 6.374118
v -2.904854 1.934786 6.350000
v -2.910660 1.919993 6.329289
v -2.918226 1.900714 6.313397
v -2.927037 1.878263 6.303407
v -2.936493 1.854170 6.300000
v -2.945949 1.830077 6.303407
v -2.954760 1.807626 6.313397
v -2.962327 1.788347 6.329289
v -2.968132 1.773554 6.350000
v -2.971782 1.764254 6.374118
v -2.973027 1.761083 6.400000
v -2.971782 1.764254 6.425882
v -2.968132 1.773554 6.450000
v -2.962327 1.788347 6.470711
v -2.954760 1.807626 6.486603
v -2.945949 1.830077 6.496593
v -2.936493 1.854170 6.500000
v -2.927037 1.878263 6.496593
v -2.918226 1.900714 6.486603
v -2.910660 1.919993 6.470711
v -2.904854 1.934786 6.450000
v -2.901204 1.944085 6.425882
v -2.942060 1.963761 6.425882
v -2.947055 1.955109 6.450000
v -2.955001 1.941346 6.470711
v -2.965357 1.923411 6.486603
v -2.977416 1.902524 6.496593
v -2.990357 1.880109 6.500000
v -3.003298 1.857695 6.496593
v -3.015357 1.836808 6.486603
v -3.025712 1.818872 6.470711
v -3.033658 1.805109 6.450000
v -3.038653 1.796458 6.425882
v -3.040357 1.793507 6.400000
v -3.038653 1.796458 6.374118
v -3.033658 1.805109 6.350000
v -3.025712 1.818872 6.329289
v -3.015357 1.836808 6.313397
v -3.003298 1.857695 6.303407
v -2.990357 1.880109 6.300000
v -2.977416 1.902524 6.303407
v -2.965357 1.923411 6.313397
v -2.955001 1.941346 6.329289
v -2.947055 1.955109 6.350000
v -2.942060 1.963761 6.374118
v -2.979528 1.989306 6.425882
v -2.985757 1.981495 6.450000
v -2.995665 1.969071 6.470711
v -3.008578 1.952878 6.486603
v -3.023615 1.934022 6.496593
v -3.039753 1.913787 6.500000
v -3.055890 1.893552 6.496593
v -3.070927 1.874695 6.486603
v -3.083840 1.858503 6.470711
v -3.093748 1.846078 6.450000
v -3.099977 1.838268 6.425882
v -3.102102 1.835604 6.400000
v -3.099977 1.838268 6.374118
v -3.093748 1.846078 6.350000
v -3.083840 1.858503 6.329289
v -3.070927 1.874695 6.313397
v -3.055890 1.893552 6.303407
v -3.039753 1.913787 6.300000
v -3.023615 1.934022 6.303407
v -3.008578 1.952878 6.313397
v -2.995665 1.969071 6.329289
v -2.985757 1.981495 6.350000
v -2.979528 1.989306 6.374118
v -2.601185 1.989306 6.374118
v -2.594957 1.981495 6.350000
v -2.585048 1.969071 6.329289
v -2.572135 1.952878 6.313397
v -2.557098 1.934022 6.303407
v -2.540961 1.913787 6.300000
v -2.524824 1.893552 6.303407
v -2.509786 1.874695 6.313397
v -2.496873 1.858503 6.329289
v -2.486965 1.846078 6.350000
v -2.480736 1.838268 6.374118
v -2.478612 1.835604 6.400000
v -2.480736 1.838268 6.425882
v -2.486965 1.846078 6.450000
v -2.496873 1.858503 6.470711
v -2.509786 1.874695 6.486603
v -2.524824 1.893552 6.496593
v -2.540961 1.913787 6.500000
v -2.557098 1.934022 6.496593
v -2.572135 1.952878 6.486603
v -2.585048 1.969071 6.470711
v -2.594957 1.981495 6.450000
v -2.601185 1.989306 6.425882
v -2.638653 1.963761 6.425882
v -2.633658 1.955109 6.450000
v -2.625712 1.941346 6.470711
v -2.615357 1.923411 6.486603
v -2.603298 1.902524 6.496593
v -2.590357 1.880109 6.500000
v -2.577416 1.857695 6.496593
v -2.565357 1.836808 6.486603
v -2.555001 1.818872 6.470711
v -2.547055 1.805109 6.450000
v -2.542060 1.796458 6.425882
v -2.540357 1.793507 6.400000
v -2.542060 1.796458 6.374118
v -2.547055 1.805109 6.350000
v -2.555001 1.818872 6.329289
v -2.565357 1.836808 6.313397
v -2.577416 1.857695 6.303407
v -2.590357 1.880109 6.300000
v -2.603298 1.902524 6.303407
v -2.615357 1.923411 6.313397
v -2.625712 1.941346 6.329289
v -2.633658 1.955109 6.350000
v -2.638653 1.963761 6.374118
v -2.679509 1.944085 6.425882
v -2.675860 1.934786 6.450000
v -2.670054 1.919993 6.470711
v -2.662487 1.900714 6.486603
v -2.653676 1.878263 6.496593
v -2.644220 1.854170 6.500000
v -2.634764 1.830077 6.496593
v -2.625953 1.807626 6.486603
v -2.618387 1.788347 6.470711
v -2.612581 1.773554 6.450000
v -2.608931 1.764254 6.425882
v -2.607686 1.761083 6.400000
v -2.608931 1.764254 6.374118
v -2.612581 1.773554 6.350000
v -2.618387 1.788347 6.329289
v -2.625953 1.807626 6.313397
v -2.634764 1.830077 6.303407
v -2.644220 1.854170 6.300000
v -2.653676 1.878263 6.303407
v -2.662487 1.900714 6.313397
v -2.670054 1.919993 6.329289
v -2.675860 1.934786 6.350000
v -2.679509 1.944085 6.374118
v -2.490338 2.271740 6.374118
v -2.480460 2.273229 6.350000
v -2.464745 2.275597 6.329289
v -2.444266 2.278684 6.313397
v -2.420417 2.282279 6.303407
v -2.394824 2.286136 6.300000
v -2.369231 2.289994 6.303407
v -2.345383 2.293588 6.313397
v -2.324903 2.296675 6.329289
v -2.309189 2.299044 6.350000
v -2.299311 2.300533 6.374118
v -2.295941 2.301041 6.400000
v -2.299311 2.300533 6.425882
v -2.309189 2.299044 6.450000
v -2.324903 2.296675 6.470711
v -2.345383 2.293588 6.486603
v -2.369231 2.289994 6.496593
v -2.394824 2.286136 6.500000
v -2.420417 2.282279 6.496593
v -2.444266 2.278684 6.486603
v -2.464745 2.275597 6.470711
v -2.480460 2.273229 6.450000
v -2.490338 2.271740 6.425882
v -2.486949 2.226519 6.425882
v -2.476959 2.226519 6.450000
v -2.461067 2.226519 6.470711
v -2.440357 2.226519 6.486603
v -2.416239 2.226519 6.496593
v -2.390357 2.226519 6.500000
v -2.364475 2.226519 6.496593
v -2.340357 2.226519 6.486603
v -2.319646 2.226519 6.470711
v -2.303754 2.226519 6.450000
v -2.293764 2.226519 6.425882
v -2.290357 2.226519 6.400000
v -2.293764 2.226519 6.374118
v -2.303754 2.226519 6.350000
v -2.319646 2.226519 6.329289
v -2.340357 2.226519 6.313397
v -2.364475 2.226519 6.303407
v -2.390357 2.226519 6.300000
v -2.416239 2.226519 6.303407
v -2.440357 2.226519 6.313397
v -2.461067 2.226519 6.329289
v -2.476959 2.226519 6.350000
v -2.486949 2.226519 6.374118
v -2.490338 2.181299 6.425882
v -2.480460 2.179810 6.450000
v -2.464745 2.177441 6.470711
v -2.444266 2.174355 6.486603
v -2.420417 2.170760 6.496593
v -2.394824 2.166902 6.500000
v -2.369231 2.163045 6.496593
v -2.345383 2.159450 6.486603
v -2.324903 2.156364 6.470711
v -2.309189 2.153995 6.450000
v -2.299311 2.152506 6.425882
v -2.295941 2.151998 6.400000
v -2.299311 2.152506 6.374118
v -2.309189 2.153995 6.350000
v -2.324903 2.156364 6.329289
v -2.345383 2.159450 6.313397
v -2.369231 2.163045 6.303407
v -2.394824 2.166902 6.300000
v -2.420417 2.170760 6.303407
v -2.444266 2.174355 6.313397
v -2.464745 2.177441 6.329289
v -2.480460 2.179810 6.350000
v -2.490338 2.181299 6.374118
v -2.679509 2.508953 6.374118
v -2.675860 2.518253 6.350000
v -2.670054 2.533046 6.329289
v -2.662487 2.552325 6.313397
v -2.653676 2.574776 6.303407
v -2.644220 2.598869 6.300000
v -2.634764 2.622962 6.303407
v -2.625953 2.645413 6.313397
v -2.618387 2.664692 6.329289
v -2.612581 2.679485 6.350000
v -2.608931 2.688784 6.374118
v -2.607686 2.691956 6.400000
v -2.608931 2.688784 6.425882
v -2.612581 2.679485 6.450000
v -2.618387 2.664692 6.470711
v -2.625953 2.645413 6.486603
v -2.634764 2.622962 6.496593
v -2.644220 2.598869 6.500000
v -2.653676 2.574776 6.496593
v -2.662487 2.552325 6.486603
v -2.670054 2.533046 6.470711
v -2.675860 2.518253 6.450000
v -2.679509 2.508953 6.425882
v -2.638653 2.489278 6.425882
v -2.633658 2.497930 6.450000
v -2.625712 2.511692 6.470711
v -2.615357 2.529628 6.486603
v -2.603298 2.550515 6.496593
v -2.590357 2.572930 6.500000
v -2.577416 2.595344 6.496593
v -2.565357 2.616231 6.486603
v -2.555001 2.634167 6.470711
v -2.547055 2.647930 6.450000
v -2.542060 2.656581 6.425882
v -2.540357 2.659532 6.400000
v -2.542060 2.656581 6.374118
v -2.547055 2.647930 6.350000
v -2.555001 2.634167 6.329289
v -2.565357 2.616231 6.313397
v -2.577416 2.595344 6.303407
v -2.590357 2.572930 6.300000
v -2.603298 2.550515 6.303407
v -2.615357 2.529628 6.313397
v -2.625712 2.511692 6.329289
v -2.633658 2.497930 6.350000
v -2.638653 2.489278 6.374118
v -2.601185 2.463733 6.425882
v -2.594957 2.471543 6.450000
v -2.585048 2.483968 6.470711
v -2.572135 2.500160 6.486603
v -2.557098 2.519017 6.496593
v -2.540961 2.539252 6.500000
v -2.524824 2.559487 6.496593
v -2.509786 2.578344 6.486603
v -2.496873 2.594536 6.470711
v -2.486965 2.606961 6.450000
v -2.480736 2.614771 6.425882
v -2.478612 2.617435 6.400000
v -2.480736 2.614771 6.374118
v -2.486965 2.606961 6.350000
v -2.496873 2.594536 6.329289
v -2.509786 2.578344 6.313397
v -2.524824 2.559487 6.303407
v -2.540961 2.539252 6.300000
v -2.557098 2.519017 6.303407
v -2.572135 2.500160 6.313397
v -2.585048 2.483968 6.329289
v -2.594957 2.471543 6.350000
v -2.601185 2.463733 6.374118
v -2.979528 2.463733 6.374118
v -2.985757 2.471543 6.350000
v -2.995665 2.483968 6.329289
v -3.008578 2.500160 6.313397
v -3.023615 2.519017 6.303407
v -3.039753 2.539252 6.300000
v -3.055890 2.559487 6.303407
v -3.070927 2.578344 6.313397
v -3.083840 2.594536 6.329289
v -3.093748 2.606961 6.350000
v -3.099977 2.614771 6.374118
v -3.102102 2.617435 6.400000
v -3.099977 2.614771 6.425882
v -3.093748 2.606961 6.450000
v -3.083840 2.594536 6.470711
v -3.070927 2.578344 6.486603
v -3.055890 2.559487 6.496593
v -3.039753 2.539252 6.500000
v -3.023615 2.519017 6.496593
v -3.008578 2.500160 6.486603
v -2.995665 2.483968 6.470711
v -2.985757 2.471543 6.450000
v -2.979528 2.463733 6.425882
v -2.942060 2.489278 6.425882
v -2.947055 2.497930 6.450000
v -2.955001 2.511692 6.470711
v -2.965357 2.529628 6.486603
v -2.977416 2.550515 6.496593
v -2.990357 2.572930 6.500000
v -3.003298 2.595344 6.496593
v -3.015357 2.616231 6.486603
v -3.025712 2.634167 6.470711
v -3.033658 2.647930 6.450000
v -3.038653 2.656581 6.425882
v -3.040357 2.659532 6.400000
v -3.038653 2.656581 6.374118
v -3.033658 2.647930 6.350000
v -3.025712 2.634167 6.329289
v -3.015357 2.616231 6.313397
v -3.003298 2.595344 6.303407
v -2.990357 2.572930 6.300000
v -2.977416 2.550515 6.303407
v -2.965357 2.529628 6.313397
v -2.955001 2.511692 6.329289
v -2.947055 2.497930 6.350000
v -2.942060 2.489278 6.374118
v -2.901204 2.508953 6.425882
v -2.904854 2.518253 6.450000
v -2.910660 2.533046 6.470711
v -2.918226 2.552325 6.486603
v -2.927037 2.574776 6.496593
v -2.936493 2.598869 6.500000
v -2.945949 2.622962 6.496593
v -2.954760 2.645413 6.486603
v -2.962327 2.664692 6.470711
v -2.968132 2.679485 6.450000
v -2.971782 2.688784 6.425882
v -2.973027 2.691956 6.400000
v -2.971782 2.688784 6.374118
v -2.968132 2.679485 6.350000
v -2.962327 2.664692 6.329289
v -2.954760 2.645413 6.313397
v -2.945949 2.622962 6.303407
v -2.936493 2.598869 6.300000
v -2.927037 2.574776 6.303407
v -2.918226 2.552325 6.313397
v -2.910660 2.533046 6.329289
v -2.904854 2.518253 6.350000
v -2.901204 2.508953 6.374118
v -3.080284 2.315950 6.425882
v -3.089831 2.318895 6.450000
v -3.105017 2.323579 6.470711
v -3.124807 2.329684 6.486603
v -3.147854 2.336793 6.496593
v -3.172586 2.344421 6.500000
v -3.197318 2.352050 6.496593
v -3.220364 2.359159 6.486603
v -3.240155 2.365264 6.470711
v -3.255341 2.369948 6.450000
v -3.264887 2.372893 6.425882
v -3.268143 2.373897 6.400000
v -3.264887 2.372893 6.374118
v -3.255341 2.369948 6.350000
v -3.240155 2.365264 6.329289
v -3.220364 2.359159 6.313397
v -3.197318 2.352050 6.303407
v -3.172586 2.344421 6.300000
v -3.147854 2.336793 6.303407
v -3.124807 2.329684 6.313397
v -3.105017 2.323579 6.329289
v -3.089831 2.318895 6.350000
v -3.080284 2.315950 6.374118
v -3.063717 2.358163 6.425882
v -3.072718 2.362497 6.450000
v -3.087036 2.369393 6.470711
v -3.105696 2.378379 6.486603
v -3.127425 2.388843 6.496593
v -3.150744 2.400073 6.500000
v -3.174063 2.411303 6.496593
v -3.195793 2.421767 6.486603
v -3.214452 2.430753 6.470711
v -3.228770 2.437648 6.450000
v -3.237771 2.441983 6.425882
v -3.240841 2.443461 6.400000
v -3.237771 2.441983 6.374118
v -3.228770 2.437648 6.350000
v -3.214452 2.430753 6.329289
v -3.195793 2.421767 6.313397
v -3.174063 2.411303 6.303407
v -3.150744 2.400073 6.300000
v -3.127425 2.388843 6.303407
v -3.105696 2.378379 6.313397
v -3.087036 2.369393 6.329289
v -3.072718 2.362497 6.350000
v -3.063717 2.358163 6.374118
v -3.041044 2.397435 6.425882
v -3.049298 2.403062 6.450000
v -3.062428 2.412015 6.470711
v -3.079540 2.423681 6.486603
v -3.099467 2.437268 6.496593
v -3.120852 2.451847 6.500000
v -3.142237 2.466427 6.496593
v -3.162164 2.480013 6.486603
v -3.179276 2.491680 6.470711
v -3.192407 2.500632 6.450000
v -3.200661 2.506260 6.425882
v -3.203476 2.508179 6.400000
v -3.200661 2.506260 6.374118
v -3.192407 2.500632 6.350000
v -3.179276 2.491680 6.329289
v -3.162164 2.480013 6.313397
v -3.142237 2.466427 6.303407
v -3.120852 2.451847 6.300000
v -3.099467 2.437268 6.303407
v -3.079540 2.423681 6.313397
v -3.062428 2.412015 6.329289
v -3.049298 2.403062 6.350000
v -3.041044 2.397435 6.374118
v -3.012770 2.432889 6.425882
v -3.020093 2.439684 6.450000
v -3.031743 2.450493 6.470711
v -3.046925 2.464580 6.486603
v -3.064605 2.480984 6.496593
v -3.083577 2.498588 6.500000
v -3.102550 2.516193 6.496593
v -3.120230 2.532597 6.486603
v -3.135412 2.546684 6.470711
v -3.147062 2.557493 6.450000
v -3.154385 2.564288 6.425882
v -3.156883 2.566606 6.400000
v -3.154385 2.564288 6.374118
v -3.147062 2.557493 6.350000
v -3.135412 2.546684 6.329289
v -3.120230 2.532597 6.313397
v -3.102550 2.516193 6.303407
v -3.083577 2.498588 6.300000
v -3.064605 2.480984 6.303407
v -3.046925 2.464580 6.313397
v -3.031743 2.450493 6.329289
v -3.020093 2.439684 6.350000
v -3.012770 2.432889 6.374118
v -2.857871 2.522320 6.425882
v -2.860094 2.532059 6.450000
v -2.863630 2.547553 6.470711
v -2.868239 2.567744 6.486603
v -2.873606 2.591258 6.496593
v -2.879365 2.616491 6.500000
v -2.885124 2.641724 6.496593
v -2.890491 2.665237 6.486603
v -2.895100 2.685428 6.470711
v -2.898636 2.700922 6.450000
v -2.900859 2.710661 6.425882
v -2.901617 2.713983 6.400000
v -2.900859 2.710661 6.374118
v -2.898636 2.700922 6.350000
v -2.895100 2.685428 6.329289
v -2.890491 2.665237 6.313397
v -2.885124 2.641724 6.303407
v -2.879365 2.616491 6.300000
v -2.873606 2.591258 6.303407
v -2.868239 2.567744 6.313397
v -2.863630 2.547553 6.329289
v -2.860094 2.532059 6.350000
v -2.857871 2.522320 6.374118
v -2.813030 2.529078 6.425882
v -2.813777 2.539041 6.450000
v -2.814964 2.554888 6.470711
v -2.816512 2.575541 6.486603
v -2.818315 2.599591 6.496593
v -2.820249 2.625401 6.500000
v -2.822183 2.651210 6.496593
v -2.823985 2.675261 6.486603
v -2.825533 2.695914 6.470711
v -2.826720 2.711761 6.450000
v -2.827467 2.721723 6.425882
v -2.827722 2.725121 6.400000
v -2.827467 2.721723 6.374118
v -2.826720 2.711761 6.350000
v -2.825533 2.695914 6.329289
v -2.823985 2.675261 6.313397
v -2.822183 2.651210 6.303407
v -2.820249 2.625401 6.300000
v -2.818315 2.599591 6.303407
v -2.816512 2.575541 6.313397
v -2.814964 2.554888 6.329289
v -2.813777 2.539041 6.350000
v -2.813030 2.529078 6.374118
v -2.767683 2.529078 6.425882
v -2.766936 2.539041 6.450000
v -2.765749 2.554888 6.470711
v -2.764201 2.575541 6.486603
v -2.762399 2.599591 6.496593
v -2.760465 2.625401 6.500000
v -2.758530 2.651210 6.496593
v -2.756728 2.675261 6.486603
v -2.755180 2.695914 6.470711
v -2.753993 2.711761 6.450000
v -2.753246 2.721723 6.425882
v -2.752992 2.725121 6.400000
v -2.753246 2.721723 6.374118
v -2.753993 2.711761 6.350000
v -2.755180 2.695914 6.329289
v -2.756728 2.675261 6.313397
v -2.758530 2.651210 6.303407
v -2.760465 2.625401 6.300000
v -2.762399 2.599591 6.303407
v -2.764201 2.575541 6.313397
v -2.765749 2.554888 6.329289
v -2.766936 2.539041 6.350000
v -2.767683 2.529078 6.374118
v -2.722842 2.522320 6.425882
v -2.720619 2.532059 6.450000
v -2.717083 2.547553 6.470711
v -2.712474 2.567744 6.486603
v -2.707108 2.591258 6.496593
v -2.701348 2.616491 6.500000
v -2.695589 2.641724 6.496593
v -2.690222 2.665237 6.486603
v -2.685614 2.685428 6.470711
v -2.682077 2.700922 6.450000
v -2.679854 2.710661 6.425882
v -2.679096 2.713983 6.400000
v -2.679854 2.710661 6.374118
v -2.682077 2.700922 6.350000
v -2.685614 2.685428 6.329289
v -2.690222 2.665237 6.313397
v -2.695589 2.641724 6.303407
v -2.701348 2.616491 6.300000
v -2.707108 2.591258 6.303407
v -2.712474 2.567744 6.313397
v -2.717083 2.547553 6.329289
v -2.720619 2.532059 6.350000
v -2.722842 2.522320 6.374118
v -2.567943 2.432889 6.425882
v -2.560620 2.439684 6.450000
v -2.548970 2.450493 6.470711
v -2.533788 2.464580 6.486603
v -2.516109 2.480984 6.496593
v -2.497136 2.498588 6.500000
v -2.478163 2.516193 6.496593
v -2.460483 2.532597 6.486603
v -2.445301 2.546684 6.470711
v -2.433652 2.557493 6.450000
v -2.426328 2.564288 6.425882
v -2.423831 2.566606 6.400000
v -2.426328 2.564288 6.374118
v -2.433652 2.557493 6.350000
v -2.445301 2.546684 6.329289
v -2.460483 2.532597 6.313397
v -2.478163 2.516193 6.303407
v -2.497136 2.498588 6.300000
v -2.516109 2.480984 6.303407
v -2.533788 2.464580 6.313397
v -2.548970 2.450493 6.329289
v -2.560620 2.439684 6.350000
v -2.567943 2.432889 6.374118
v -2.539670 2.397435 6.425882
v -2.531415 2.403062 6.450000
v -2.518285 2.412015 6.470711
v -2.501173 2.423681 6.486603
v -2.481246 2.437268 6.496593
v -2.459861 2.451847 6.500000
v -2.438476 2.466427 6.496593
v -2.418549 2.480013 6.486603
v -2.401437 2.491680 6.470711
v -2.388307 2.500632 6.450000
v -2.380053 2.506260 6.425882
v -2.377237 2.508179 6.400000
v -2.380053 2.506260 6.374118
v -2.388307 2.500632 6.350000
v -2.401437 2.491680 6.329289
v -2.418549 2.480013 6.313397
v -2.438476 2.466427 6.303407
v -2.459861 2.451847 6.300000
v -2.481246 2.437268 6.303407
v -2.501173 2.423681 6.313397
v -2.518285 2.412015 6.329289
v -2.531415 2.403062 6.350000
v -2.539670 2.397435 6.374118
v -2.516996 2.358163 6.425882
v -2.507995 2.362497 6.450000
v -2.493677 2.369393 6.470711
v -2.475018 2.378379 6.486603
v -2.453288 2.388843 6.496593
v -2.429969 2.400073 6.500000
v -2.406650 2.411303 6.496593
v -2.384921 2.421767 6.486603
v -2.366261 2.430753 6.470711
v -2.351943 2.437648 6.450000
v -2.342942 2.441983 6.425882
v -2.339872 2.443461 6.400000
v -2.342942 2.441983 6.374118
v -2.351943 2.437648 6.350000
v -2.366261 2.430753 6.329289
v -2.384921 2.421767 6.313397
v -2.406650 2.411303 6.303407
v -2.429969 2.400073 6.300000
v -2.453288 2.388843 6.303407
v -2.475018 2.378379 6.313397
v -2.493677 2.369393 6.329289
v -2.507995 2.362497 6.350000
v -2.516996 2.358163 6.374118
v -2.500429 2.315950 6.425882
v -2.490883 2.318895 6.450000
v -2.475697 2.323579 6.470711
v -2.455906 2.329684 6.486603
v -2.432860 2.336793 6.496593
v -2.408127 2.344421 6.500000
v -2.383395 2.352050 6.496593
v -2.360349 2.359159 6.486603
v -2.340558 2.365264 6.470711
v -2.325372 2.369948 6.450000
v -2.315826 2.372893 6.425882
v -2.312570 2.373897 6.400000
v -2.315826 2.372893 6.374118
v -2.325372 2.369948 6.350000
v -2.340558 2.365264 6.329289
v -2.360349 2.359159 6.313397
v -2.383395 2.352050 6.303407
v -2.408127 2.344421 6.300000
v -2.432860 2.336793 6.303407
v -2.455906 2.329684 6.313397
v -2.475697 2.323579 6.329289
v -2.490883 2.318895 6.350000
v -2.500429 2.315950 6.374118
v -2.500429 2.137088 6.425882
v -2.490883 2.134144 6.450000
v -2.475697 2.129460 6.470711
v -2.455906 2.123355 6.486603
v -2.432860 2.116246 6.496593
v -2.408127 2.108617 6.500000
v -2.383395 2.100989 6.496593
v -2.360349 2.093880 6.486603
v -2.340558 2.087775 6.470711
v -2.325372 2.083091 6.450000
v -2.315826 2.080146 6.425882
v -2.312570 2.079142 6.400000
v -2.315826 2.080146 6.374118
v -2.325372 2.083091 6.350000
v -2.340558 2.087775 6.329289
v -2.360349 2.093880 6.313397
v -2.383395 2.100989 6.303407
v -2.408127 2.108617 6.300000
v -2.432860 2.116246 6.303407
v -2.455906 2.123355 6.313397
v -2.475697 2.129460 6.329289
v -2.490883 2.134144 6.350000
v -2.500429 2.137088 6.374118
v -2.516996 2.094876 6.425882
v -2.507995 2.090541 6.450000
v -2.493677 2.083646 6.470711
v -2.475018 2.074660 6.486603
v -2.453288 2.064196 6.496593
v -2.429969 2.052966 6.500000
v -2.406650 2.041736 6.496593
v -2.384921 2.031272 6.486603
v -2.366261 2.022286 6.470711
v -2.351943 2.015390 6.450000
v -2.342942 2.011056 6.425882
v -2.339872 2.009578 6.400000
v -2.342942 2.011056 6.374118
v -2.351943 2.015390 6.350000
v -2.366261 2.022286 6.329289
v -2.384921 2.031272 6.313397
v -2.406650 2.041736 6.303407
v -2.429969 2.052966 6.300000
v -2.453288 2.064196 6.303407
v -2.475018 2.074660 6.313397
v -2.493677 2.083646 6.329289
v -2.507995 2.090541 6.350000
v -2.516996 2.094876 6.374118
v -2.539670 2.055604 6.425882
v -2.531415 2.049976 6.450000
v -2.518285 2.041024 6.470711
v -2.501173 2.029357 6.486603
v -2.481246 2.015771 6.496593
v -2.459861 2.001191 6.500000
v -2.438476 1.986612 6.496593
v -2.418549 1.973025 6.486603
v -2.401437 1.961359 6.470711
v -2.388307 1.952406 6.450000
v -2.380053 1.946779 6.425882
v -2.377237 1.944859 6.400000
v -2.380053 1.946779 6.374118
v -2.388307 1.952406 6.350000
v -2.401437 1.961359 6.329289
v -2.418549 1.973025 6.313397
v -2.438476 1.986612 6.303407
v -2.459861 2.001191 6.300000
v -2.481246 2.015771 6.303407
v -2.501173 2.029357 6.313397
v -2.518285 2.041024 6.329289
v -2.531415 2.049976 6.350000
v -2.539670 2.055604 6.374118
v -2.567943 2.020150 6.425882
v -2.560620 2.013355 6.450000
v -2.548970 2.002546 6.470711
v -2.533788 1.988459 6.486603
v -2.516109 1.972054 6.496593
v -2.497136 1.954450 6.500000
v -2.478163 1.936846 6.496593
v -2.460483 1.920442 6.486603
v -2.445301 1.906355 6.470711
v -2.433652 1.895546 6.450000
v -2.426328 1.888751 6.425882
v -2.423831 1.886433 6.400000
v -2.426328 1.888751 6.374118
v -2.433652 1.895546 6.350000
v -2.445301 1.906355 6.329289
v -2.460483 1.920442 6.313397
v -2.478163 1.936846 6.303407
v -2.497136 1.954450 6.300000
v -2.516109 1.972054 6.303407
v -2.533788 1.988459 6.313397
v -2.548970 2.002546 6.329289
v -2.560620 2.013355 6.350000
v -2.567943 2.020150 6.374118
v -2.722842 1.930719 6.425882
v -2.720619 1.920979 6.450000
v -2.717083 1.905486 6.470711
v -2.712474 1.885295 6.486603
v -2.707108 1.861781 6.496593
v -2.701348 1.836548 6.500000
v -2.695589 1.811315 6.496593
v -2.690222 1.787802 6.486603
v -2.685614 1.767610 6.470711
v -2.682077 1.752117 6.450000
v -2.679854 1.742377 6.425882
v -2.679096 1.739055 6.400000
v -2.679854 1.742377 6.374118
v -2.682077 1.752117 6.350000
v -2.685614 1.767610 6.329289
v -2.690222 1.787802 6.313397
v -2.695589 1.811315 6.303407
v -2.701348 1.836548 6.300000
v -2.707108 1.861781 6.303407
v -2.712474 1.885295 6.313397
v -2.717083 1.905486 6.329289
v -2.720619 1.920979 6.350000
v -2.722842 1.930719 6.374118
v -2.767683 1.923960 6.425882
v -2.766936 1.913998 6.450000
v -2.765749 1.898151 6.470711
v -2.764201 1.877498 6.486603
v -2.762399 1.853447 6.496593
v -2.760465 1.827638 6.500000
v -2.758530 1.801828 6.496593
v -2.756728 1.777778 6.486603
v -2.755180 1.757125 6.470711
v -2.753993 1.741277 6.450000
v -2.753246 1.731315 6.425882
v -2.752992 1.727918 6.400000
v -2.753246 1.731315 6.374118
v -2.753993 1.741277 6.350000
v -2.755180 1.757125 6.329289
v -2.756728 1.777778 6.313397
v -2.758530 1.801828 6.303407
v -2.760465 1.827638 6.300000
v -2.762399 1.853447 6.303407
v -2.764201 1.877498 6.313397
v -2.765749 1.898151 6.329289
v -2.766936 1.913998 6.350000
v -2.767683 1.923960 6.374118
v -2.813030 1.923960 6.425882
v -2.813777 1.913998 6.450000
v -2.814964 1.898151 6.470711
v -2.816512 1.877498 6.486603
v -2.818315 1.853447 6.496593
v -2.820249 1.827638 6.500000
v -2.822183 1.801828 6.496593
v -2.823985 1.777778 6.486603
v -2.825533 1.757125 6.470711
v -2.826720 1.741277 6.450000
v -2.827467 1.731315 6.425882
v -2.827722 1.727918 6.400000
v -2.827467 1.731315 6.374118
v -2.826720 1.741277 6.350000
v -2.825533 1.757125 6.329289
v -2.823985 1.777778 6.313397
v -2.822183 1.801828 6.303407
v -2.820249 1.827638 6.300000
v -2.818315 1.853447 6.303407
v -2.816512 1.877498 6.313397
v -2.814964 1.898151 6.329289
v -2.813777 1.913998 6.350000
v -2.813030 1.923960 6.374118
v -2.857871 1.930719 6.425882
v -2.860094 1.920979 6.450000
v -2.863630 1.905486 6.470711
v -2.868239 1.885295 6.486603
v -2.873606 1.861781 6.496593
v -2.879365 1.836548 6.500000
v -2.885124 1.811315 6.496593
v -2.890491 1.787802 6.486603
v -2.895100 1.767610 6.470711
v -2.898636 1.752117 6.450000
v -2.900859 1.742377 6.425882
v -2.901617 1.739055 6.400000
v -2.900859 1.742377 6.374118
v -2.898636 1.752117 6.350000
v -2.895100 1.767610 6.329289
v -2.890491 1.787802 6.313397
v -2.885124 1.811315 6.303407
v -2.879365 1.836548 6.300000
v -2.873606 1.861781 6.303407
v -2.868239 1.885295 6.313397
v -2.863630 1.905486 6.329289
v -2.860094 1.920979 6.350000
v -2.857871 1.930719 6.374118
v -3.012770 2.020150 6.425882
v -3.020093 2.013355 6.450000
v -3.031743 2.002546 6.470711
v -3.046925 1.988459 6.486603
v -3.064605 1.972054 6.496593
v -3.083577 1.954450 6.500000
v -3.102550 1.936846 6.496593
v -3.120230 1.920442 6.486603
v -3.135412 1.906355 6.470711
v -3.147062 1.895546 6.450000
v -3.154385 1.888751 6.425882
v -3.156883 1.886433 6.400000
v -3.154385 1.888751 6.374118
v -3.147062 1.895546 6.350000
v -3.135412 1.906355 6.329289
v -3.120230 1.920442 6.313397
v -3.102550 1.936846 6.303407
v -3.083577 1.954450 6.300000
v -3.064605 1.972054 6.303407
v -3.046925 1.988459 6.313397
v -3.031743 2.002546 6.329289
v -3.020093 2.013355 6.350000
v -3.012770 2.020150 6.374118
v -3.041044 2.055604 6.425882
v -3.049298 2.049976 6.450000
v -3.062428 2.041024 6.470711
v -3.079540 2.029357 6.486603
v -3.099467 2.015771 6.496593
v -3.120852 2.001191 6.500000
v -3.142237 1.986612 6.496593
v -3.162164 1.973025 6.486603
v -3.179276 1.961359 6.470711
v -3.192407 1.952406 6.450000
v -3.200661 1.946779 6.425882
v -3.203476 1.944859 6.400000
v -3.200661 1.946779 6.374118
v -3.192407 1.952406 6.350000
v -3.179276 1.961359 6.329289
v -3.162164 1.973025 6.313397
v -3.142237 1.986612 6.303407
v -3.120852 2.001191 6.300000
v -3.099467 2.015771 6.303407
v -3.079540 2.029357 6.313397
v -3.062428 2.041024 6.329289
v -3.049298 2.049976 6.350000
v -3.041044 2.055604 6.374118
v -3.063717 2.094876 6.425882
v -3.072718 2.090541 6.450000
v -3.087036 2.083646 6.470711
v -3.105696 2.074660 6.486603
v -3.127425 2.064196 6.496593
v -3.150744 2.052966 6.500000
v -3.174063 2.041736 6.496593
v -3.195793 2.031272 6.486603
v -3.214452 2.022286 6.470711
v -3.228770 2.015390 6.450000
v -3.237771 2.011056 6.425882
v -3.240841 2.009578 6.400000
v -3.237771 2.011056 6.374118
v -3.228770 2.015390 6.350000
v -3.214452 2.022286 6.329289
v -3.195793 2.031272 6.313397
v -3.174063 2.041736 6.303407
v -3.150744 2.052966 6.300000
v -3.127425 2.064196 6.303407
v -3.105696 2.074660 6.313397
v -3.087036 2.083646 6.329289
v -3.072718 2.090541 6.350000
v -3.063717 2.094876 6.374118
v -3.080284 2.137088 6.425882
v -3.089831 2.134144 6.450000
v -3.105017 2.129460 6.470711
v -3.124807 2.123355 6.486603
v -3.147854 2.116246 6.496593
v -3.172586 2.108617 6.500000
v -3.197318 2.100989 6.496593
v -3.220364 2.093880 6.486603
v -3.240155 2.087775 6.470711
v -3.255341 2.083091 6.450000
v -3.264887 2.080146 6.425882
v -3.268143 2.079142 6.400000
v -3.264887 2.080146 6.374118
v -3.255341 2.083091 6.350000
v -3.240155 2.087775 6.329289
v -3.220364 2.093880 6.313397
v -3.197318 2.100989 6.303407
v -3.172586 2.108617 6.300000
v -3.147854 2.116246 6.303407
v -3.124807 2.123355 6.313397
v -3.105017 2.129460 6.329289
v -3.089831 2.134144 6.350000
v -3.080284 2.137088 6.374118
vt 0.314159 1.570796 0.000000
vt 0.287979 1.570796 0.000000
vt 0.314159 1.495997 0.000000
vt 0.287979 1.495997 0.000000
vt 0.314159 1.421197 0.000000
vt 0.287979 1.421197 0.000000
vt 0.314159 1.346397 0.000000
vt 0.287979 1.346397 0.000000
vt 0.314159 1.271597 0.000000
vt 0.287979 1.271597 0.000000
vt 0.314159 1.196797 0.000000
vt 0.287979 1.196797 0.000000
vt 0.314159 1.121997 0.000000
vt 0.287979 1.121997 0.000000
vt 0.314159 1.047198 0.000000
vt 0.287979 1.047198 0.000000
vt 0.314159 0.972398 0.000000
vt 0.287979 0.972398 0.000000
vt 0.314159 0.897598 0.000000
vt 0.287979 0.897598 0.000000
vt 0.314159 0.822798 0.000000
vt 0.287979 0.822798 0.000000
vt 0.314159 0.747998 0.000000
vt 0.287979 0.747998 0.000000
vt 0.314159 0.673198 0.000000
vt 0.287979 0.673198 0.000000
vt 0.314159 0.598399 0.000000
vt 0.287979 0.598399 0.000000
vt 0.314159 0.523599 0.000000
vt 0.287979 0.523599 0.000000
vt 0.314159 0.448799 0.000000
vt 0.287979 0.448799 0.000000
vt 0.314159 0.373999 0.000000
vt 0.287979 0.373999 0.000000
vt 0.314159 0.299199 0.000000
vt 0.287979 0.299199 0.000000
vt 0.314159 0.224399 0.000000
vt 0.287979 0.224399 0.000000
vt 0.314159 0.149600 0.000000
vt 0.287979 0.149600 0.000000
vt 0.314159 0.074800 0.000000
vt 0.287979 0.074800 0.000000
vt 0.314159 0.000000 0.000000
vt 0.287979 0.000000 0.000000
vt 0.314159 -0.074800 0.000000
vt 0.287979 -0.074800 0.000000
vt 0.314159 -0.149600 0.000000
vt 0.287979 -0.149600 0.000000
vt 0.314159 -0.224399 0.000000
vt 0.287979 -0.224399 0.000000
vt 0.314159 -0.299199 0.000000
vt 0.287979 -0.299199 0.000000
vt 0.314159 -0.373999 0.000000
vt 0.287979 -0.373999 0.000000
vt 0.314159 -0.448799 0.000000
vt 0.287979 -0.448799 0.000000
vt 0.314159 -0.523599 0.000000
vt 0.287979 -0.523599 0.000000
vt 0.314159 -0.598399 0.000000
vt 0.287979 -0.598399 0.000000
vt 0.314159 -0.673198 0.000000
vt 0.287979 -0.673198 0.000000
vt 0.314159 -0.747998 0.000000
vt 0.287979 -0.747998 0.000000
vt 0.314159 -0.822798 0.000000
vt 0.287979 -0.822798 0.000000
vt 0.314159 -0.897598 0.000000
vt 0.287979 -0.897598 0.000000
vt 0.314159 -0.972398 0.000000
vt 0.287979 -0.972398 0.000000
vt 0.314159 -1.047198 0.000000
vt 0.287979 -1.047198 0.000000
vt 0.314159 -1.121997 0.000000
vt 0.287979 -1.121997 0.000000
vt 0.314159 -1.196797 0.000000
vt 0.287979 -1.196797 0.000000
vt 0.314159 -1.271597 0.000000
vt 0.287979 -1.271597 0.000000
vt 0.314159 -1.346397 0.000000
vt 0.287979 -1.346397 0.000000
vt 0.314159 -1.421197 0.000000
vt 0.287979 -1.421197 0.000000
vt 0.314159 -1.495997 0.000000
vt 0.287979 -1.495997 0.000000
vt 0.314159 -1.570796 0.000000
vt 0.287979 -1.570796 0.000000
vt -0.314159 -1.570796 0.000000
vt -0.287979 -1.570796 0.000000
vt -0.314159 -1.495997 0.000000
vt -0.287979 -1.495997 0.000000
vt -0.314159 -1.421197 0.000000
vt -0.287979 -1.421197 0.000000
vt -0.314159 -1.346397 0.000000
vt -0.287979 -1.346397 0.000000
vt -0.314159 -1.271597 0.000000
vt -0.287979 -1.271597 0.000000
vt -0.314159 -1.196797 0.000000
vt -0.287979 -1.196797 0.000000
vt -0.314159 -1.121997 0.000000
vt -0.287979 -1.121997 0.000000
vt -0.314159 -1.047198 0.000000
vt -0.287979 -1.047198 0.000000
vt -0.314159 -0.972398 0.000000
vt -0.287979 -0.972398 0.000000
vt -0.314159 -0.897598 0.000000
vt -0.287979 -0.897598 0.000000
vt -0.314159 -0.822798 0.000000
vt -0.287979 -0.822798 0.000000
vt -0.314159 -0.747998 0.000000
vt -0.287979 -0.747998 0.000000
vt -0.314159 -0.673198 0.000000
vt -0.287979 -0.673198 0.000000
vt -0.314159 -0.598399 0.000000
vt -0.287979 -0.598399 0.000000
vt -0.314159 -0.523599 0.000000
vt -0.287979 -0.523599 0.000000
vt -0.314159 -0.448799 0.000000
vt -0.287979 -0.448799 0.000000
vt -0.314159 -0.373999 0.000000
vt -0.287979 -0.373999 0.000000
vt -0.314159 -0.299199 0.000000
vt -0.287979 -0.299199 0.000000
vt -0.314159 -0.224399 0.000000
vt -0.287979 -0.224399 0.000000
vt -0.314159 -0.149600 0.000000
vt -0.287979 -0.149600 0.000000
vt -0.314159 -0.074800 0.000000
vt -0.287979 -0.074800 0.000000
vt -0.314159 0.000000 0.000000
vt -0.287979 0.000000 0.000000
vt -0.314159 0.074800 0.000000
vt -0.287979 0.074800 0.000000
vt -0.314159 0.149600 0.000000
vt -0.287979 0.149600 0.000000
vt -0.314159 0.224399 0.000000
vt -0.287979 0.224399 0.000000
vt -0.314159 0.299199 0.000000
vt -0.287979 0.299199 0.000000
vt -0.314159 0.373999 0.000000
vt -0.287979 0.373999 0.000000
vt -0.314159 0.448799 0.000000
vt -0.287979 0.448799 0.000000
vt -0.314159 0.523599 0.000000
vt -0.287979 0.523599 0.000000
vt -0.314159 0.598399 0.000000
vt -0.287979 0.598399 0.000000
vt -0.314159 0.673198 0.000000
vt -0.287979 0.673198 0.000000
vt -0.314159 0.747998 0.000000
vt -0.287979 0.747998 0.000000
vt -0.314159 0.822798 0.000000
vt -0.287979 0.822798 0.000000
vt -0.314159 0.897598 0.000000
vt -0.287979 0.897598 0.000000
vt -0.314159 0.972398 0.000000
vt -0.287979 0.972398 0.000000
vt -0.314159 1.047198 0.000000
vt -0.287979 1.047198 0.000000
vt -0.314159 1.121997 0.000000
vt -0.287979 1.121997 0.000000
vt -0.314159 1.196797 0.000000
vt -0.287979 1.196797 0.000000
vt -0.314159 1.271597 0.000000
vt -0.287979 1.271597 0.000000
vt -0.314159 1.346397 0.000000
vt -0.287979 1.346397 0.000000
vt -0.314159 1.421197 0.000000
vt -0.287979 1.421197 0.000000
vt -0.314159 1.495997 0.000000
vt -0.287979 1.495997 0.000000
vt -0.314159 1.570796 0.000000
vt -0.287979 1.570796 0.000000
vt 0.209440 1.570796 0.000000
vt 0.183260 1.570796 0.000000
vt 0.209440 1.495997 0.000000
vt 0.183260 1.495997 0.000000
vt 0.209440 1.421197 0.000000
vt 0.183260 1.421197 0.000000
vt 0.209440 1.346397 0.000000
vt 0.183260 1.346397 0.000000
vt 0.209440 1.271597 0.000000
vt 0.183260 1.271597 0.000000
vt 0.209440 1.196797 0.000000
vt 0.183260 1.196797 0.000000
vt 0.209440 1.121997 0.000000
vt 0.183260 1.121997 0.000000
vt 0.209440 1.047198 0.000000
vt 0.183260 1.047198 0.000000
vt 0.209440 0.972398 0.000000
vt 0.183260 0.972398 0.000000
vt 0.209440 0.897598 0.000000
vt 0.183260 0.897598 0.000000
vt 0.209440 0.822798 0.000000
vt 0.183260 0.822798 0.000000
vt 0.209440 0.747998 0.000000
vt 0.183260 0.747998 0.000000
vt 0.209440 0.673198 0.000000
vt 0.183260 0.673198 0.000000
vt 0.209440 0.598399 0.000000
vt 0.183260 0.598399 0.000000
vt 0.209440 0.523599 0.000000
vt 0.183260 0.523599 0.000000
vt 0.209440 0.448799 0.000000
vt 0.183260 0.448799 0.000000
vt 0.209440 0.373999 0.000000
vt 0.183260 0.373999 0.000000
vt 0.209440 0.299199 0.000000
vt 0.183260 0.299199 0.000000
vt 0.209440 0.224399 0.000000
vt 0.183260 0.224399 0.000000
vt 0.209440 0.149600 0.000000
vt 0.183260 0.149600 0.000000
vt 0.209440 0.074800 0.000000
vt 0.183260 0.074800 0.000000
vt 0.209440 0.000000 0.000000
vt 0.183260 0.000000 0.000000
vt 0.209440 -0.074800 0.000000
vt 0.183260 -0.074800 0.000000
vt 0.209440 -0.149600 0.000000
vt 0.183260 -0.149600 0.000000
vt 0.209440 -0.224399 0.000000
vt 0.183260 -0.224399 0.000000
vt 0.209440 -0.299199 0.000000
vt 0.183260 -0.299199 0.000000
vt 0.209440 -0.373999 0.000000
vt 0.183260 -0.373999 0.000000
vt 0.209440 -0.448799 0.000000
vt 0.183260 -0.448799 0.000000
vt 0.209440 -0.523599 0.000000
vt 0.183260 -0.523599 0.000000
vt 0.209440 -0.598399 0.000000
vt 0.183260 -0.598399 0.000000
vt 0.209440 -0.673198 0.000000
vt 0.183260 -0.673198 0.000000
vt 0.209440 -0.747998 0.000000
vt 0.183260 -0.747998 0.000000
vt 0.209440 -0.822798 0.000000
vt 0.183260 -0.822798 0.000000
vt 0.209440 -0.897598 0.000000
vt 0.183260 -0.897598 0.000000
vt 0.209440 -0.972398 0.000000
vt 0.183260 -0.972398 0.000000
vt 0.209440 -1.047198 0.000000
vt 0.183260 -1.047198 0.000000
vt 0.209440 -1.121997 0.000000
vt 0.183260 -1.121997 0.000000
vt 0.209440 -1.196797 0.000000
vt 0.183260 -1.196797 0.000000
vt 0.209440 -1.271597 0.000000
vt 0.183260 -1.271597 0.000000
vt 0.209440 -1.346397 0.000000
vt 0.183260 -1.346397 0.000000
vt 0.209440 -1.421197 0.000000
vt 0.183260 -1.421197 0.000000
vt 0.209440 -1.495997 0.000000
vt 0.183260 -1.495997 0.000000
vt 0.209440 -1.570796 0.000000
vt 0.183260 -1.570796 0.000000
vt 0.235619 -1.570796 0.000000
vt 0.235619 -1.495997 0.000000
vt 0.235619 -1.421197 0.000000
vt 0.235619 -1.346397 0.000000
vt 0.235619 -1.271597 0.000000
vt 0.235619 -1.196797 0.000000
vt 0.235619 -1.121997 0.000000
vt 0.235619 -1.047198 0.000000
vt 0.235619 -0.972398 0.000000
vt 0.235619 -0.897598 0.000000
vt 0.235619 -0.822798 0.000000
vt 0.235619 -0.747998 0.000000
vt 0.235619 -0.673198 0.000000
vt 0.235619 -0.598399 0.000000
vt 0.235619 -0.523599 0.000000
vt 0.235619 -0.448799 0.000000
vt 0.235619 -0.373999 0.000000
vt 0.235619 -0.299199 0.000000
vt 0.235619 -0.224399 0.000000
vt 0.235619 -0.149600 0.000000
vt 0.235619 -0.074800 0.000000
vt 0.235619 0.000000 0.000000
vt 0.235619 0.074800 0.000000
vt 0.235619 0.149600 0.000000
vt 0.235619 0.224399 0.000000
vt 0.235619 0.299199 0.000000
vt 0.235619 0.373999 0.000000
vt 0.235619 0.448799 0.000000
vt 0.235619 0.523599 0.000000
vt 0.235619 0.598399 0.000000
vt 0.235619 0.673198 0.000000
vt 0.235619 0.747998 0.000000
vt 0.235619 0.822798 0.000000
vt 0.235619 0.897598 0.000000
vt 0.235619 0.972398 0.000000
vt 0.235619 1.047198 0.000000
vt 0.235619 1.121997 0.000000
vt 0.235619 1.196797 0.000000
vt 0.235619 1.271597 0.000000
vt 0.235619 1.346397 0.000000
vt 0.235619 1.421197 0.000000
vt 0.235619 1.495997 0.000000
vt 0.235619 1.570796 0.000000
vt 0.104720 1.570796 0.000000
vt 0.078540 1.570796 0.000000
vt 0.104720 1.495997 0.000000
vt 0.078540 1.495997 0.000000
vt 0.104720 1.421197 0.000000
vt 0.078540 1.421197 0.000000
vt 0.104720 1.346397 0.000000
vt 0.078540 1.346397 0.000000
vt 0.104720 1.271597 0.000000
vt 0.078540 1.271597 0.000000
vt 0.104720 1.196797 0.000000
vt 0.078540 1.196797 0.000000
vt 0.104720 1.121997 0.000000
vt 0.078540 1.121997 0.000000
vt 0.104720 1.047198 0.000000
vt 0.078540 1.047198 0.000000
vt 0.104720 0.972398 0.000000
vt 0.078540 0.972398 0.000000
vt 0.104720 0.897598 0.000000
vt 0.078540 0.897598 0.000000
vt 0.104720 0.822798 0.000000
vt 0.078540 0.822798 0.000000
vt 0.104720 0.747998 0.000000
vt 0.078540 0.747998 0.000000
vt 0.104720 0.673198 0.000000
vt 0.078540 0.673198 0.000000
vt 0.104720 0.598399 0.000000
vt 0.078540 0.598399 0.000000
vt 0.104720 0.523599 0.000000
vt 0.078540 0.523599 0.000000
vt 0.104720 0.448799 0.000000
vt 0.078540 0.448799 0.000000
vt 0.104720 0.373999 0.000000
vt 0.078540 0.373999 0.000000
vt 0.104720 0.299199 0.000000
vt 0.078540 0.299199 0.000000
vt 0.104720 0.224399 0.000000
vt 0.078540 0.224399 0.000000
vt 0.104720 0.149600 0.000000
vt 0.078540 0.149600 0.000000
vt 0.104720 0.074800 0.000000
vt 0.078540 0.074800 0.000000
vt 0.104720 0.000000 0.000000
vt 0.078540 0.000000 0.000000
vt 0.104720 -0.074800 0.000000
vt 0.078540 -0.074800 0.000000
vt 0.104720 -0.149600 0.000000
vt 0.078540 -0.149600 0.000000
vt 0.104720 -0.224399 0.000000
vt 0.078540 -0.224399 0.000000
vt 0.104720 -0.299199 0.000000
vt 0.078540 -0.299199 0.000000
vt 0.104720 -0.373999 0.000000
vt 0.078540 -0.373999 0.000000
vt 0.104720 -0.448799 0.000000
vt 0.078540 -0.448799 0.000000
vt 0.104720 -0.523599 0.000000
vt 0.078540 -0.523599 0.000000
vt 0.104720 -0.598399 0.000000
vt 0.078540 -0.598399 0.000000
vt 0.104720 -0.673198 0.000000
vt 0.078540 -0.673198 0.000000
vt 0.104720 -0.747998 0.000000
vt 0.078540 -0.747998 0.000000
vt 0.104720 -0.822798 0.000000
vt 0.078540 -0.822798 0.000000
vt 0.104720 -0.897598 0.000000
vt 0.078540 -0.897598 0.000000
vt 0.104720 -0.972398 0.000000
vt 0.078540 -0.972398 0.000000
vt 0.104720 -1.047198 0.000000
vt 0.078540 -1.047198 0.000000
vt 0.104720 -1.121997 0.000000
vt 0.078540 -1.121997 0.000000
vt 0.104720 -1.196797 0.000000
vt 0.078540 -1.196797 0.000000
vt 0.104720 -1.271597 0.000000
vt 0.078540 -1.271597 0.000000
vt 0.104720 -1.346397 0.000000
vt 0.078540 -1.346397 0.000000
vt 0.104720 -1.421197 0.000000
vt 0.078540 -1.421197 0.000000
vt 0.104720 -1.495997 0.000000
vt 0.078540 -1.495997 0.000000
vt 0.104720 -1.570796 0.000000
vt 0.078540 -1.570796 0.000000
vt 0.130900 -1.570796 0.000000
vt 0.130900 -1.495997 0.000000
vt 0.130900 -1.421197 0.000000
vt 0.130900 -1.346397 0.000000
vt 0.130900 -1.271597 0.000000
vt 0.130900 -1.196797 0.000000
vt 0.130900 -1.121997 0.000000
vt 0.130900 -1.047198 0.000000
vt 0.130900 -0.972398 0.000000
vt 0.130900 -0.897598 0.000000
vt 0.130900 -0.822798 0.000000
vt 0.130900 -0.747998 0.000000
vt 0.130900 -0.673198 0.000000
vt 0.130900 -0.598399 0.000000
vt 0.130900 -0.523599 0.000000
vt 0.130900 -0.448799 0.000000
vt 0.130900 -0.373999 0.000000
vt 0.130900 -0.299199 0.000000
vt 0.130900 -0.224399 0.000000
vt 0.130900 -0.149600 0.000000
vt 0.130900 -0.074800 0.000000
vt 0.130900 0.000000 0.000000
vt 0.130900 0.074800 0.000000
vt 0.130900 0.149600 0.000000
vt 0.130900 0.224399 0.000000
vt 0.130900 0.299199 0.000000
vt 0.130900 0.373999 0.000000
vt 0.130900 0.448799 0.000000
vt 0.130900 0.523599 0.000000
vt 0.130900 0.598399 0.000000
vt 0.130900 0.673198 0.000000
vt 0.130900 0.747998 0.000000
vt 0.130900 0.822798 0.000000
vt 0.130900 0.897598 0.000000
vt 0.130900 0.972398 0.000000
vt 0.130900 1.047198 0.000000
vt 0.130900 1.121997 0.000000
vt 0.130900 1.196797 0.000000
vt 0.130900 1.271597 0.000000
vt 0.130900 1.346397 0.000000
vt 0.130900 1.421197 0.000000
vt 0.130900 1.495997 0.000000
vt 0.130900 1.570796 0.000000
vt 0.000000 1.570796 0.000000
vt -0.026180 1.570796 0.000000
vt 0.000000 1.495997 0.000000
vt -0.026180 1.495997 0.000000
vt 0.000000 1.421197 0.000000
vt -0.026180 1.421197 0.000000
vt 0.000000 1.346397 0.000000
vt -0.026180 1.346397 0.000000
vt 0.000000 1.271597 0.000000
vt -0.026180 1.271597 0.000000
vt 0.000000 1.196797 0.000000
vt -0.026180 1.196797 0.000000
vt 0.000000 1.121997 0.000000
vt -0.026180 1.121997 0.000000
vt 0.000000 1.047198 0.000000
vt -0.026180 1.047198 0.000000
vt 0.000000 0.972398 0.000000
vt -0.026180 0.972398 0.000000
vt 0.000000 0.897598 0.000000
vt -0.026180 0.897598 0.000000
vt 0.000000 0.822798 0.000000
vt -0.026180 0.822798 0.000000
vt 0.000000 0.747998 0.000000
vt -0.026180 0.747998 0.000000
vt 0.000000 0.673198 0.000000
vt -0.026180 0.673198 0.000000
vt 0.000000 0.598399 0.000000
vt -0.026180 0.598399 0.000000
vt 0.000000 0.523599 0.000000
vt -0.026180 0.523599 0.000000
vt 0.000000 0.448799 0.000000
vt -0.026180 0.448799 0.000000
vt 0.000000 0.373999 0.000000
vt -0.026180 0.373999 0.000000
vt 0.000000 0.299199 0.000000
vt -0.026180 0.299199 0.000000
vt 0.000000 0.224399 0.000000
vt -0.026180 0.224399 0.000000
vt 0.000000 0.149600 0.000000
vt -0.026180 0.149600 0.000000
vt 0.000000 0.074800 0.000000
vt -0.026180 0.074800 0.000000
vt 0.000000 0.000000 0.000000
vt -0.026180 0.000000 0.000000
vt 0.000000 -0.074800 0.000000
vt -0.026180 -0.074800 0.000000
vt 0.000000 -0.149600 0.000000
vt -0.026180 -0.149600 0.000000
vt 0.000000 -0.224399 0.000000
vt -0.026180 -0.224399 0.000000
vt 0.000000 -0.299199 0.000000
vt -0.026180 -0.299199 0.000000
vt 0.000000 -0.373999 0.000000
vt -0.026180 -0.373999 0.000000
vt 0.000000 -0.448799 0.000000
vt -0.026180 -0.448799 0.000000
vt 0.000000 -0.523599 0.000000
vt -0.026180 -0.523599 0.000000
vt 0.000000 -0.598399 0.000000
vt -0.026180 -0.598399 0.000000
vt 0.000000 -0.673198 0.000000
vt -0.026180 -0.673198 0.000000
vt 0.000000 -0.747998 0.000000
vt -0.026180 -0.747998 0.000000
vt 0.000000 -0.822798 0.000000
vt -0.026180 -0.822798 0.000000
vt 0.000000 -0.897598 0.000000
vt -0.026180 -0.897598 0.000000
vt 0.000000 -0.972398 0.000000
vt -0.026180 -0.972398 0.000000
vt 0.000000 -1.047198 0.000000
vt -0.026180 -1.047198 0.000000
vt 0.000000 -1.121997 0.000000
vt -0.026180 -1.121997 0.000000
vt 0.000000 -1.196797 0.000000
vt -0.026180 -1.196797 0.000000
vt 0.000000 -1.271597 0.000000
vt -0.026180 -1.271597 0.000000
vt 0.000000 -1.346397 0.000000
vt -0.026180 -1.346397 0.000000
vt 0.000000 -1.421197 0.000000
vt -0.026180 -1.421197 0.000000
vt 0.000000 -1.495997 0.000000
vt -0.026180 -1.495997 0.000000
vt 0.000000 -1.570796 0.000000
vt -0.026180 -1.570796 0.000000
vt 0.026180 -1.570796 0.000000
vt 0.026180 -1.495997 0.000000
vt 0.026180 -1.421197 0.000000
vt 0.026180 -1.346397 0.000000
vt 0.026180 -1.271597 0.000000
vt 0.026180 -1.196797 0.000000
vt 0.026180 -1.121997 0.000000
vt 0.026180 -1.047198 0.000000
vt 0.026180 -0.972398 0.000000
vt 0.026180 -0.897598 0.000000
vt 0.026180 -0.822798 0.000000
vt 0.026180 -0.747998 0.000000
vt 0.026180 -0.673198 0.000000
vt 0.026180 -0.598399 0.000000
vt 0.026180 -0.523599 0.000000
vt 0.026180 -0.448799 0.000000
vt 0.026180 -0.373999 0.000000
vt 0.026180 -0.299199 0.000000
vt 0.026180 -0.224399 0.000000
vt 0.026180 -0.149600 0.000000
vt 0.026180 -0.074800 0.000000
vt 0.026180 0.000000 0.000000
vt 0.026180 0.074800 0.000000
vt 0.026180 0.149600 0.000000
vt 0.026180 0.224399 0.000000
vt 0.026180 0.299199 0.000000
vt 0.026180 0.373999 0.000000
vt 0.026180 0.448799 0.000000
vt 0.026180 0.523599 0.000000
vt 0.026180 0.598399 0.000000
vt 0.026180 0.673198 0.000000
vt 0.026180 0.747998 0.000000
vt 0.026180 0.822798 0.000000
vt 0.026180 0.897598 0.000000
vt 0.026180 0.972398 0.000000
vt 0.026180 1.047198 0.000000
vt 0.026180 1.121997 0.000000
vt 0.026180 1.196797 0.000000
vt 0.026180 1.271597 0.000000
vt 0.026180 1.346397 0.000000
vt 0.026180 1.421197 0.000000
vt 0.026180 1.495997 0.000000
vt 0.026180 1.570796 0.000000
vt -0.104720 1.570796 0.000000
vt -0.130900 1.570796 0.000000
vt -0.104720 1.495997 0.000000
vt -0.130900 1.495997 0.000000
vt -0.104720 1.421197 0.000000
vt -0.130900 1.421197 0.000000
vt -0.104720 1.346397 0.000000
vt -0.130900 1.346397 0.000000
vt -0.104720 1.271597 0.000000
vt -0.130900 1.271597 0.000000
vt -0.104720 1.196797 0.000000
vt -0.130900 1.196797 0.000000
vt -0.104720 1.121997 0.000000
vt -0.130900 1.121997 0.000000
vt -0.104720 1.047198 0.000000
vt -0.130900 1.047198 0.000000
vt -0.104720 0.972398 0.000000
vt -0.130900 0.972398 0.000000
vt -0.104720 0.897598 0.000000
vt -0.130900 0.897598 0.000000
vt -0.104720 0.822798 0.000000
vt -0.130900 0.822798 0.000000
vt -0.104720 0.747998 0.000000
vt -0.130900 0.747998 0.000000
vt -0.104720 0.673198 0.000000
vt -0.130900 0.673198 0.000000
vt -0.104720 0.598399 0.000000
vt -0.130900 0.598399 0.000000
vt -0.104720 0.523599 0.000000
vt -0.130900 0.523599 0.000000
vt -0.104720 0.448799 0.000000
vt -0.130900 0.448799 0.000000
vt -0.104720 0.373999 0.000000
vt -0.130900 0.373999 0.000000
vt -0.104720 0.299199 0.000000
vt -0.130900 0.299199 0.000000
vt -0.104720 0.224399 0.000000
vt -0.130900 0.224399 0.000000
vt -0.104720 0.149600 0.000000
vt -0.130900 0.149600 0.000000
vt -0.104720 0.074800 0.000000
vt -0.130900 0.074800 0.000000
vt -0.104720 0.000000 0.000000
vt -0.130900 0.000000 0.000000
vt -0.104720 -0.074800 0.000000
vt -0.130900 -0.074800 0.000000
vt -0.104720 -0.149600 0.000000
vt -0.130900 -0.149600 0.000000
vt -0.104720 -0.224399 0.000000
vt -0.130900 -0.224399 0.000000
vt -0.104720 -0.299199 0.000000
vt -0.130900 -0.299199 0.000000
vt -0.104720 -0.373999 0.000000
vt -0.130900 -0.373999 0.000000
vt -0.104720 -0.448799 0.000000
vt -0.130900 -0.448799 0.000000
vt -0.104720 -0.523599 0.000000
vt -0.130900 -0.523599 0.000000
vt -0.104720 -0.598399 0.000000
vt -0.130900 -0.598399 0.000000
vt -0.104720 -0.673198 0.000000
vt -0.130900 -0.673198 0.000000
vt -0.104720 -0.747998 0.000000
vt -0.130900 -0.747998 0.000000
vt -0.104720 -0.822798 0.000000
vt -0.130900 -0.822798 0.000000
vt -0.104720 -0.897598 0.000000
vt -0.130900 -0.897598 0.000000
vt -0.104720 -0.972398 0.000000
vt -0.130900 -0.972398 0.000000
vt -0.104720 -1.047198 0.000000
vt -0.130900 -1.047198 0.000000
vt -0.104720 -1.121997 0.000000
vt -0.130900 -1.121997 0.000000
vt -0.104720 -1.196797 0.000000
vt -0.130900 -1.196797 0.000000
vt -0.104720 -1.271597 0.000000
vt -0.130900 -1.271597 0.000000
vt -0.104720 -1.346397 0.000000
vt -0.130900 -1.346397 0.000000
vt -0.104720 -1.421197 0.000000
vt -0.130900 -1.421197 0.000000
vt -0.104720 -1.495997 0.000000
vt -0.130900 -1.495997 0.000000
vt -0.104720 -1.570796 0.000000
vt -0.130900 -1.570796 0.000000
vt -0.078540 -1.570796 0.000000
vt -0.078540 -1.495997 0.000000
vt -0.078540 -1.421197 0.000000
vt -0.078540 -1.346397 0.000000
vt -0.078540 -1.271597 0.000000
vt -0.078540 -1.196797 0.000000
vt -0.078540 -1.121997 0.000000
vt -0.078540 -1.047198 0.000000
vt -0.078540 -0.972398 0.000000
vt -0.078540 -0.897598 0.000000
vt -0.078540 -0.822798 0.000000
vt -0.078540 -0.747998 0.000000
vt -0.078540 -0.673198 0.000000
vt -0.078540 -0.598399 0.000000
vt -0.078540 -0.523599 0.000000
vt -0.078540 -0.448799 0.000000
vt -0.078540 -0.373999 0.000000
vt -0.078540 -0.299199 0.000000
vt -0.078540 -0.224399 0.000000
vt -0.078540 -0.149600 0.000000
vt -0.078540 -0.074800 0.000000
vt -0.078540 0.000000 0.000000
vt -0.078540 0.074800 0.000000
vt -0.078540 0.149600 0.000000
vt -0.078540 0.224399 0.000000
vt -0.078540 0.299199 0.000000
vt -0.078540 0.373999 0.000000
vt -0.078540 0.448799 0.000000
vt -0.078540 0.523599 0.000000
vt -0.078540 0.598399 0.000000
vt -0.078540 0.673198 0.000000
vt -0.078540 0.747998 0.000000
vt -0.078540 0.822798 0.000000
vt -0.078540 0.897598 0.000000
vt -0.078540 0.972398 0.000000
vt -0.078540 1.047198 0.000000
vt -0.078540 1.121997 0.000000
vt -0.078540 1.196797 0.000000
vt -0.078540 1.271597 0.000000
vt -0.078540 1.346397 0.000000
vt -0.078540 1.421197 0.000000
vt -0.078540 1.495997 0.000000
vt -0.078540 1.570796 0.000000
vt -0.209440 1.570796 0.000000
vt -0.235619 1.570796 0.000000
vt -0.209440 1.495997 0.000000
vt -0.235619 1.495997 0.000000
vt -0.209440 1.421197 0.000000
vt -0.235619 1.421197 0.000000
vt -0.209440 1.346397 0.000000
vt -0.235619 1.346397 0.000000
vt -0.209440 1.271597 0.000000
vt -0.235619 1.271597 0.000000
vt -0.209440 1.196797 0.000000
vt -0.235619 1.196797 0.000000
vt -0.209440 1.121997 0.000000
vt -0.235619 1.121997 0.000000
vt -0.209440 1.047198 0.000000
vt -0.235619 1.047198 0.000000
vt -0.209440 0.972398 0.000000
vt -0.235619 0.972398 0.000000
vt -0.209440 0.897598 0.000000
vt -0.235619 0.897598 0.000000
vt -0.209440 0.822798 0.000000
vt -0.235619 0.822798 0.000000
vt -0.209440 0.747998 0.000000
vt -0.235619 0.747998 0.000000
vt -0.209440 0.673198 0.000000
vt -0.235619 0.673198 0.000000
vt -0.209440 0.598399 0.000000
vt -0.235619 0.598399 0.000000
vt -0.209440 0.523599 0.000000
vt -0.235619 0.523599 0.000000
vt -0.209440 0.448799 0.000000
vt -0.235619 0.448799 0.000000
vt -0.209440 0.373999 0.000000
vt -0.235619 0.373999 0.000000
vt -0.209440 0.299199 0.000000
vt -0.235619 0.299199 0.000000
vt -0.209440 0.224399 0.000000
vt -0.235619 0.224399 0.000000
vt -0.209440 0.149600 0.000000
vt -0.235619 0.149600 0.000000
vt -0.209440 0.074800 0.000000
vt -0.235619 0.074800 0.000000
vt -0.209440 0.000000 0.000000
vt -0.235619 0.000000 0.000000
vt -0.209440 -0.074800 0.000000
vt -0.235619 -0.074800 0.000000
vt -0.209440 -0.149600 0.000000
vt -0.235619 -0.149600 0.000000
vt -0.209440 -0.224399 0.000000
vt -0.235619 -0.224399 0.000000
vt -0.209440 -0.299199 0.000000
vt -0.235619 -0.299199 0.000000
vt -0.209440 -0.373999 0.000000
vt -0.235619 -0.373999 0.000000
vt -0.209440 -0.448799 0.000000
vt -0.235619 -0.448799 0.000000
vt -0.209440 -0.523599 0.000000
vt -0.235619 -0.523599 0.000000
vt -0.209440 -0.598399 0.000000
vt -0.235619 -0.598399 0.000000
vt -0.209440 -0.673198 0.000000
vt -0.235619 -0.673198 0.000000
vt -0.209440 -0.747998 0.000000
vt -0.235619 -0.747998 0.000000
vt -0.209440 -0.822798 0.000000
vt -0.235619 -0.822798 0.000000
vt -0.209440 -0.897598 0.000000
vt -0.235619 -0.897598 0.000000
vt -0.209440 -0.972398 0.000000
vt -0.235619 -0.972398 0.000000
vt -0.209440 -1.047198 0.000000
vt -0.235619 -1.047198 0.000000
vt -0.209440 -1.121997 0.000000
vt -0.235619 -1.121997 0.000000
vt -0.209440 -1.196797 0.000000
vt -0.235619 -1.196797 0.000000
vt -0.209440 -1.271597 0.000000
vt -0.235619 -1.271597 0.000000
vt -0.209440 -1.346397 0.000000
vt -0.235619 -1.346397 0.000000
vt -0.209440 -1.421197 0.000000
vt -0.235619 -1.421197 0.000000
vt -0.209440 -1.495997 0.000000
vt -0.235619 -1.495997 0.000000
vt -0.209440 -1.570796 0.000000
vt -0.235619 -1.570796 0.000000
vt -0.183260 -1.570796 0.000000
vt -0.183260 -1.495997 0.000000
vt -0.183260 -1.421197 0.000000
vt -0.183260 -1.346397 0.000000
vt -0.183260 -1.271597 0.000000
vt -0.183260 -1.196797 0.000000
vt -0.183260 -1.121997 0.000000
vt -0.183260 -1.047198 0.000000
vt -0.183260 -0.972398 0.000000
vt -0.183260 -0.897598 0.000000
vt -0.183260 -0.822798 0.000000
vt -0.183260 -0.747998 0.000000
vt -0.183260 -0.673198 0.000000
vt -0.183260 -0.598399 0.000000
vt -0.183260 -0.523599 0.000000
vt -0.183260 -0.448799 0.000000
vt -0.183260 -0.373999 0.000000
vt -0.183260 -0.299199 0.000000
vt -0.183260 -0.224399 0.000000
vt -0.183260 -0.149600 0.000000
vt -0.183260 -0.074800 0.000000
vt -0.183260 0.000000 0.000000
vt -0.183260 0.074800 0.000000
vt -0.183260 0.149600 0.000000
vt -0.183260 0.224399 0.000000
vt -0.183260 0.299199 0.000000
vt -0.183260 0.373999 0.000000
vt -0.183260 0.448799 0.000000
vt -0.183260 0.523599 0.000000
vt -0.183260 0.598399 0.000000
vt -0.183260 0.673198 0.000000
vt -0.183260 0.747998 0.000000
vt -0.183260 0.822798 0.000000
vt -0.183260 0.897598 0.000000
vt -0.183260 0.972398 0.000000
vt -0.183260 1.047198 0.000000
vt -0.183260 1.121997 0.000000
vt -0.183260 1.196797 0.000000
vt -0.183260 1.271597 0.000000
vt -0.183260 1.346397 0.000000
vt -0.183260 1.421197 0.000000
vt -0.183260 1.495997 0.000000
vt -0.183260 1.570796 0.000000
vt -0.261799 -1.570796 0.000000
vt -0.261799 -1.495997 0.000000
vt -0.261799 -1.421197 0.000000
vt -0.261799 -1.346397 0.000000
vt -0.261799 -1.271597 0.000000
vt -0.261799 -1.196797 0.000000
vt -0.261799 -1.121997 0.000000
vt -0.261799 -1.047198 0.000000
vt -0.261799 -0.972398 0.000000
vt -0.261799 -0.897598 0.000000
vt -0.261799 -0.822798 0.000000
vt -0.261799 -0.747998 0.000000
vt -0.261799 -0.673198 0.000000
vt -0.261799 -0.598399 0.000000
vt -0.261799 -0.523599 0.000000
vt -0.261799 -0.448799 0.000000
vt -0.261799 -0.373999 0.000000
vt -0.261799 -0.299199 0.000000
vt -0.261799 -0.224399 0.000000
vt -0.261799 -0.149600 0.000000
vt -0.261799 -0.074800 0.000000
vt -0.261799 0.000000 0.000000
vt -0.261799 0.074800 0.000000
vt -0.261799 0.149600 0.000000
vt -0.261799 0.224399 0.000000
vt -0.261799 0.299199 0.000000
vt -0.261799 0.373999 0.000000
vt -0.261799 0.448799 0.000000
vt -0.261799 0.523599 0.000000
vt -0.261799 0.598399 0.000000
vt -0.261799 0.673198 0.000000
vt -0.261799 0.747998 0.000000
vt -0.261799 0.822798 0.000000
vt -0.261799 0.897598 0.000000
vt -0.261799 0.972398 0.000000
vt -0.261799 1.047198 0.000000
vt -0.261799 1.121997 0.000000
vt -0.261799 1.196797 0.000000
vt -0.261799 1.271597 0.000000
vt -0.261799 1.346397 0.000000
vt -0.261799 1.421197 0.000000
vt -0.261799 1.495997 0.000000
vt -0.261799 1.570796 0.000000
vt -0.157080 -1.570796 0.000000
vt -0.157080 -1.495997 0.000000
vt -0.157080 -1.421197 0.000000
vt -0.157080 -1.346397 0.000000
vt -0.157080 -1.271597 0.000000
vt -0.157080 -1.196797 0.000000
vt -0.157080 -1.121997 0.000000
vt -0.157080 -1.047198 0.000000
vt -0.157080 -0.972398 0.000000
vt -0.157080 -0.897598 0.000000
vt -0.157080 -0.822798 0.000000
vt -0.157080 -0.747998 0.000000
vt -0.157080 -0.673198 0.000000
vt -0.157080 -0.598399 0.000000
vt -0.157080 -0.523599 0.000000
vt -0.157080 -0.448799 0.000000
vt -0.157080 -0.373999 0.000000
vt -0.157080 -0.299199 0.000000
vt -0.157080 -0.224399 0.000000
vt -0.157080 -0.149600 0.000000
vt -0.157080 -0.074800 0.000000
vt -0.157080 0.000000 0.000000
vt -0.157080 0.074800 0.000000
vt -0.157080 0.149600 0.000000
vt -0.157080 0.224399 0.000000
vt -0.157080 0.299199 0.000000
vt -0.157080 0.373999 0.000000
vt -0.157080 0.448799 0.000000
vt -0.157080 0.523599 0.000000
vt -0.157080 0.598399 0.000000
vt -0.157080 0.673198 0.000000
vt -0.157080 0.747998 0.000000
vt -0.157080 0.822798 0.000000
vt -0.157080 0.897598 0.000000
vt -0.157080 0.972398 0.000000
vt -0.157080 1.047198 0.000000
vt -0.157080 1.121997 0.000000
vt -0.157080 1.196797 0.000000
vt -0.157080 1.271597 0.000000
vt -0.157080 1.346397 0.000000
vt -0.157080 1.421197 0.000000
vt -0.157080 1.495997 0.000000
vt -0.157080 1.570796 0.000000
vt -0.052360 -1.570796 0.000000
vt -0.052360 -1.495997 0.000000
vt -0.052360 -1.421197 0.000000
vt -0.052360 -1.346397 0.000000
vt -0.052360 -1.271597 0.000000
vt -0.052360 -1.196797 0.000000
vt -0.052360 -1.121997 0.000000
vt -0.052360 -1.047198 0.000000
vt -0.052360 -0.972398 0.000000
vt -0.052360 -0.897598 0.000000
vt -0.052360 -0.822798 0.000000
vt -0.052360 -0.747998 0.000000
vt -0.052360 -0.673198 0.000000
vt -0.052360 -0.598399 0.000000
vt -0.052360 -0.523599 0.000000
vt -0.052360 -0.448799 0.000000
vt -0.052360 -0.373999 0.000000
vt -0.052360 -0.299199 0.000000
vt -0.052360 -0.224399 0.000000
vt -0.052360 -0.149600 0.000000
vt -0.052360 -0.074800 0.000000
vt -0.052360 0.000000 0.000000
vt -0.052360 0.074800 0.000000
vt -0.052360 0.149600 0.000000
vt -0.052360 0.224399 0.000000
vt -0.052360 0.299199 0.000000
vt -0.052360 0.373999 0.000000
vt -0.052360 0.448799 0.000000
vt -0.052360 0.523599 0.000000
vt -0.052360 0.598399 0.000000
vt -0.052360 0.673198 0.000000
vt -0.052360 0.747998 0.000000
vt -0.052360 0.822798 0.000000
vt -0.052360 0.897598 0.000000
vt -0.052360 0.972398 0.000000
vt -0.052360 1.047198 0.000000
vt -0.052360 1.121997 0.000000
vt -0.052360 1.196797 0.000000
vt -0.052360 1.271597 0.000000
vt -0.052360 1.346397 0.000000
vt -0.052360 1.421197 0.000000
vt -0.052360 1.495997 0.000000
vt -0.052360 1.570796 0.000000
vt 0.052360 -1.570796 0.000000
vt 0.052360 -1.495997 0.000000
vt 0.052360 -1.421197 0.000000
vt 0.052360 -1.346397 0.000000
vt 0.052360 -1.271597 0.000000
vt 0.052360 -1.196797 0.000000
vt 0.052360 -1.121997 0.000000
vt 0.052360 -1.047198 0.000000
vt 0.052360 -0.972398 0.000000
vt 0.052360 -0.897598 0.000000
vt 0.052360 -0.822798 0.000000
vt 0.052360 -0.747998 0.000000
vt 0.052360 -0.673198 0.000000
vt 0.052360 -0.598399 0.000000
vt 0.052360 -0.523599 0.000000
vt 0.052360 -0.448799 0.000000
vt 0.052360 -0.373999 0.000000
vt 0.052360 -0.299199 0.000000
vt 0.052360 -0.224399 0.000000
vt 0.052360 -0.149600 0.000000
vt 0.052360 -0.074800 0.000000
vt 0.052360 0.000000 0.000000
vt 0.052360 0.074800 0.000000
vt 0.052360 0.149600 0.000000
vt 0.052360 0.224399 0.000000
vt 0.052360 0.299199 0.000000
vt 0.052360 0.373999 0.000000
vt 0.052360 0.448799 0.000000
vt 0.052360 0.523599 0.000000
vt 0.052360 0.598399 0.000000
vt 0.052360 0.673198 0.000000
vt 0.052360 0.747998 0.000000
vt 0.052360 0.822798 0.000000
vt 0.052360 0.897598 0.000000
vt 0.052360 0.972398 0.000000
vt 0.052360 1.047198 0.000000
vt 0.052360 1.121997 0.000000
vt 0.052360 1.196797 0.000000
vt 0.052360 1.271597 0.000000
vt 0.052360 1.346397 0.000000
vt 0.052360 1.421197 0.000000
vt 0.052360 1.495997 0.000000
vt 0.052360 1.570796 0.000000
vt 0.157080 -1.570796 0.000000
vt 0.157080 -1.495997 0.000000
vt 0.157080 -1.421197 0.000000
vt 0.157080 -1.346397 0.000000
vt 0.157080 -1.271597 0.000000
vt 0.157080 -1.196797 0.000000
vt 0.157080 -1.121997 0.000000
vt 0.157080 -1.047198 0.000000
vt 0.157080 -0.972398 0.000000
vt 0.157080 -0.897598 0.000000
vt 0.157080 -0.822798 0.000000
vt 0.157080 -0.747998 0.000000
vt 0.157080 -0.673198 0.000000
vt 0.157080 -0.598399 0.000000
vt 0.157080 -0.523599 0.000000
vt 0.157080 -0.448799 0.000000
vt 0.157080 -0.373999 0.000000
vt 0.157080 -0.299199 0.000000
vt 0.157080 -0.224399 0.000000
vt 0.157080 -0.149600 0.000000
vt 0.157080 -0.074800 0.000000
vt 0.157080 0.000000 0.000000
vt 0.157080 0.074800 0.000000
vt 0.157080 0.149600 0.000000
vt 0.157080 0.224399 0.000000
vt 0.157080 0.299199 0.000000
vt 0.157080 0.373999 0.000000
vt 0.157080 0.448799 0.000000
vt 0.157080 0.523599 0.000000
vt 0.157080 0.598399 0.000000
vt 0.157080 0.673198 0.000000
vt 0.157080 0.747998 0.000000
vt 0.157080 0.822798 0.000000
vt 0.157080 0.897598 0.000000
vt 0.157080 0.972398 0.000000
vt 0.157080 1.047198 0.000000
vt 0.157080 1.121997 0.000000
vt 0.157080 1.196797 0.000000
vt 0.157080 1.271597 0.000000
vt 0.157080 1.346397 0.000000
vt 0.157080 1.421197 0.000000
vt 0.157080 1.495997 0.000000
vt 0.157080 1.570796 0.000000
vt 0.261799 -1.570796 0.000000
vt 0.261799 -1.495997 0.000000
vt 0.261799 -1.421197 0.000000
vt 0.261799 -1.346397 0.000000
vt 0.261799 -1.271597 0.000000
vt 0.261799 -1.196797 0.000000
vt 0.261799 -1.121997 0.000000
vt 0.261799 -1.047198 0.000000
vt 0.261799 -0.972398 0.000000
vt 0.261799 -0.897598 0.000000
vt 0.261799 -0.822798 0.000000
vt 0.261799 -0.747998 0.000000
vt 0.261799 -0.673198 0.000000
vt 0.261799 -0.598399 0.000000
vt 0.261799 -0.523599 0.000000
vt 0.261799 -0.448799 0.000000
vt 0.261799 -0.373999 0.000000
vt 0.261799 -0.299199 0.000000
vt 0.261799 -0.224399 0.000000
vt 0.261799 -0.149600 0.000000
vt 0.261799 -0.074800 0.000000
vt 0.261799 0.000000 0.000000
vt 0.261799 0.074800 0.000000
vt 0.261799 0.149600 0.000000
vt 0.261799 0.224399 0.000000
vt 0.261799 0.299199 0.000000
vt 0.261799 0.373999 0.000000
vt 0.261799 0.448799 0.000000
vt 0.261799 0.523599 0.000000
vt 0.261799 0.598399 0.000000
vt 0.261799 0.673198 0.000000
vt 0.261799 0.747998 0.000000
vt 0.261799 0.822798 0.000000
vt 0.261799 0.897598 0.000000
vt 0.261799 0.972398 0.000000
vt 0.261799 1.047198 0.000000
vt 0.261799 1.121997 0.000000
vt 0.261799 1.196797 0.000000
vt 0.261799 1.271597 0.000000
vt 0.261799 1.346397 0.000000
vt 0.261799 1.421197 0.000000
vt 0.261799 1.495997 0.000000
vt 0.261799 1.570796 0.000000
vn 1.000000 -0.000000 -0.000000
vn 0.965926 -0.000000 -0.258819
vn 0.988831 -0.149042 -0.000000
vn 0.955137 -0.143964 -0.258819
vn 0.955573 -0.294755 -0.000000
vn 0.923012 -0.284712 -0.258819
vn 0.900969 -0.433884 -0.000000
vn 0.870269 -0.419100 -0.258819
vn 0.826239 -0.563320 -0.000000
vn 0.798085 -0.544125 -0.258819
vn 0.733052 -0.680173 -0.000000
vn 0.708074 -0.656996 -0.258819
vn 0.623490 -0.781831 -0.000000
vn 0.602245 -0.755191 -0.258819
vn 0.500000 -0.866025 -0.000000
vn 0.482963 -0.836516 -0.258819
vn 0.365341 -0.930874 -0.000000
vn 0.352892 -0.899155 -0.258819
vn 0.222521 -0.974928 -0.000000
vn 0.214939 -0.941708 -0.258819
vn 0.074730 -0.997204 -0.000000
vn 0.072184 -0.963225 -0.258819
vn -0.074730 -0.997204 -0.000000
vn -0.072184 -0.963225 -0.258819
vn -0.222521 -0.974928 -0.000000
vn -0.214939 -0.941708 -0.258819
vn -0.365341 -0.930874 -0.000000
vn -0.352892 -0.899155 -0.258819
vn -0.500000 -0.866025 -0.000000
vn -0.482963 -0.836516 -0.258819
vn -0.623490 -0.781831 -0.000000
vn -0.602245 -0.755191 -0.258819
vn -0.733052 -0.680173 -0.000000
vn -0.708074 -0.656996 -0.258819
vn -0.826239 -0.563320 -0.000000
vn -0.798085 -0.544125 -0.258819
vn -0.900969 -0.433884 -0.000000
vn -0.870269 -0.419100 -0.258819
vn -0.955573 -0.294755 -0.000000
vn -0.923012 -0.284712 -0.258819
vn -0.988831 -0.149042 -0.000000
vn -0.955137 -0.143964 -0.258819
vn -1.000000 0.000000 -0.000000
vn -0.965926 0.000000 -0.258819
vn -0.988831 0.149042 -0.000000
vn -0.955137 0.143964 -0.258819
vn -0.955573 0.294755 -0.000000
vn -0.923012 0.284712 -0.258819
vn -0.900969 0.433884 -0.000000
vn -0.870269 0.419100 -0.258819
vn -0.826239 0.563320 -0.000000
vn -0.798085 0.544125 -0.258819
vn -0.733052 0.680173 -0.000000
vn -0.708074 0.656996 -0.258819
vn -0.623490 0.781831 -0.000000
vn -0.602245 0.755191 -0.258819
vn -0.500000 0.866025 -0.000000
vn -0.482963 0.836516 -0.258819
vn -0.365341 0.930874 -0.000000
vn -0.352892 0.899155 -0.258819
vn -0.222521 0.974928 -0.000000
vn -0.214939 0.941708 -0.258819
vn -0.074730 0.997204 -0.000000
vn -0.072184 0.963225 -0.258819
vn 0.074730 0.997204 -0.000000
vn 0.072184 0.963225 -0.258819
vn 0.222521 0.974928 -0.000000
vn 0.214939 0.941708 -0.258819
vn 0.365341 0.930874 -0.000000
vn 0.352892 0.899155 -0.258819
vn 0.500000 0.866025 -0.000000
vn 0.482963 0.836516 -0.258819
vn 0.623490 0.781831 -0.000000
vn 0.602245 0.755191 -0.258819
vn 0.733052 0.680173 -0.000000
vn 0.708074 0.656996 -0.258819
vn 0.826239 0.563320 -0.000000
vn 0.798085 0.544125 -0.258819
vn 0.900969 0.433884 -0.000000
vn 0.870269 0.419100 -0.258819
vn 0.955573 0.294755 -0.000000
vn 0.923012 0.284712 -0.258819
vn 0.988831 0.149042 -0.000000
vn 0.955137 0.143964 -0.258819
vn 0.965926 0.000000 0.258819
vn 0.955137 0.143964 0.258819
vn 0.923012 0.284712 0.258819
vn 0.870269 0.419100 0.258819
vn 0.798085 0.544125 0.258819
vn 0.708074 0.656996 0.258819
vn 0.602245 0.755191 0.258819
vn 0.482963 0.836516 0.258819
vn 0.352892 0.899155 0.258819
vn 0.214939 0.941708 0.258819
vn 0.072184 0.963225 0.258819
vn -0.072184 0.963225 0.258819
vn -0.214939 0.941708 0.258819
vn -0.352892 0.899155 0.258819
vn -0.482963 0.836516 0.258819
vn -0.602245 0.755191 0.258819
vn -0.708074 0.656996 0.258819
vn -0.798085 0.544125 0.258819
vn -0.870269 0.419100 0.258819
vn -0.923012 0.284712 0.258819
vn -0.955137 0.143964 0.258819
vn -0.965926 -0.000000 0.258819
vn -0.955137 -0.143964 0.258819
vn -0.923012 -0.284712 0.258819
vn -0.870269 -0.419100 0.258819
vn -0.798085 -0.544125 0.258819
vn -0.708074 -0.656996 0.258819
vn -0.602245 -0.755191 0.258819
vn -0.482963 -0.836516 0.258819
vn -0.352892 -0.899155 0.258819
vn -0.214939 -0.941708 0.258819
vn -0.072184 -0.963225 0.258819
vn 0.072184 -0.963225 0.258819
vn 0.214939 -0.941708 0.258819
vn 0.352892 -0.899155 0.258819
vn 0.482963 -0.836516 0.258819
vn 0.602245 -0.755191 0.258819
vn 0.708074 -0.656996 0.258819
vn 0.798085 -0.544125 0.258819
vn 0.870269 -0.419100 0.258819
vn 0.923012 -0.284712 0.258819
vn 0.955137 -0.143964 0.258819
vn 0.500000 -0.000000 -0.866025
vn 0.258819 -0.000000 -0.965926
vn 0.494415 -0.074521 -0.866025
vn 0.255928 -0.038575 -0.965926
vn 0.477786 -0.147378 -0.866025
vn 0.247320 -0.076288 -0.965926
vn 0.450484 -0.216942 -0.866025
vn 0.233188 -0.112297 -0.965926
vn 0.413119 -0.281660 -0.866025
vn 0.213846 -0.145798 -0.965926
vn 0.366526 -0.340086 -0.866025
vn 0.189728 -0.176042 -0.965926
vn 0.311745 -0.390916 -0.866025
vn 0.161371 -0.202353 -0.965926
vn 0.250000 -0.433013 -0.866025
vn 0.129410 -0.224144 -0.965926
vn 0.182671 -0.465437 -0.866025
vn 0.094557 -0.240928 -0.965926
vn 0.111260 -0.487464 -0.866025
vn 0.057593 -0.252330 -0.965926
vn 0.037365 -0.498602 -0.866025
vn 0.019342 -0.258095 -0.965926
vn -0.037365 -0.498602 -0.866025
vn -0.019342 -0.258095 -0.965926
vn -0.111260 -0.487464 -0.866025
vn -0.057593 -0.252330 -0.965926
vn -0.182671 -0.465437 -0.866025
vn -0.094557 -0.240928 -0.965926
vn -0.250000 -0.433013 -0.866025
vn -0.129410 -0.224144 -0.965926
vn -0.311745 -0.390916 -0.866025
vn -0.161371 -0.202353 -0.965926
vn -0.366526 -0.340086 -0.866025
vn -0.189728 -0.176042 -0.965926
vn -0.413119 -0.281660 -0.866025
vn -0.213846 -0.145798 -0.965926
vn -0.450484 -0.216942 -0.866025
vn -0.233188 -0.112297 -0.965926
vn -0.477786 -0.147378 -0.866025
vn -0.247320 -0.076288 -0.965926
vn -0.494415 -0.074521 -0.866025
vn -0.255928 -0.038575 -0.965926
vn -0.500000 0.000000 -0.866025
vn -0.258819 0.000000 -0.965926
vn -0.494415 0.074521 -0.866025
vn -0.255928 0.038575 -0.965926
vn -0.477786 0.147378 -0.866025
vn -0.247320 0.076288 -0.965926
vn -0.450484 0.216942 -0.866025
vn -0.233188 0.112297 -0.965926
vn -0.413119 0.281660 -0.866025
vn -0.213846 0.145798 -0.965926
vn -0.366526 0.340086 -0.866025
vn -0.189728 0.176042 -0.965926
vn -0.311745 0.390916 -0.866025
vn -0.161371 0.202353 -0.965926
vn -0.250000 0.433013 -0.866025
vn -0.129410 0.224144 -0.965926
vn -0.182671 0.465437 -0.866025
vn -0.094557 0.240928 -0.965926
vn -0.111260 0.487464 -0.866025
vn -0.057593 0.252330 -0.965926
vn -0.037365 0.498602 -0.866025
vn -0.019342 0.258095 -0.965926
vn 0.037365 0.498602 -0.866025
vn 0.019342 0.258095 -0.965926
vn 0.111260 0.487464 -0.866025
vn 0.057593 0.252330 -0.965926
vn 0.182671 0.465437 -0.866025
vn 0.094557 0.240928 -0.965926
vn 0.250000 0.433013 -0.866025
vn 0.129410 0.224144 -0.965926
vn 0.311745 0.390916 -0.866025
vn 0.161371 0.202353 -0.965926
vn 0.366526 0.340086 -0.866025
vn 0.189728 0.176042 -0.965926
vn 0.413119 0.281660 -0.866025
vn 0.213846 0.145798 -0.965926
vn 0.450484 0.216942 -0.866025
vn 0.233188 0.112297 -0.965926
vn 0.477786 0.147378 -0.866025
vn 0.247320 0.076288 -0.965926
vn 0.494415 0.074521 -0.866025
vn 0.255928 0.038575 -0.965926
vn 0.707107 0.000000 -0.707107
vn 0.699209 0.105389 -0.707107
vn 0.675692 0.208423 -0.707107
vn 0.637081 0.306802 -0.707107
vn 0.584239 0.398327 -0.707107
vn 0.518346 0.480955 -0.707107
vn 0.440874 0.552838 -0.707107
vn 0.353553 0.612372 -0.707107
vn 0.258335 0.658227 -0.707107
vn 0.157346 0.689378 -0.707107
vn 0.052842 0.705130 -0.707107
vn -0.052842 0.705130 -0.707107
vn -0.157346 0.689378 -0.707107
vn -0.258335 0.658227 -0.707107
vn -0.353553 0.612372 -0.707107
vn -0.440874 0.552838 -0.707107
vn -0.518346 0.480955 -0.707107
vn -0.584239 0.398327 -0.707107
vn -0.637081 0.306802 -0.707107
vn -0.675692 0.208423 -0.707107
vn -0.699209 0.105389 -0.707107
vn -0.707107 0.000000 -0.707107
vn -0.699209 -0.105389 -0.707107
vn -0.675692 -0.208423 -0.707107
vn -0.637081 -0.306802 -0.707107
vn -0.584239 -0.398327 -0.707107
vn -0.518346 -0.480955 -0.707107
vn -0.440874 -0.552838 -0.707107
vn -0.353553 -0.612372 -0.707107
vn -0.258335 -0.658227 -0.707107
vn -0.157346 -0.689378 -0.707107
vn -0.052842 -0.705130 -0.707107
vn 0.052842 -0.705130 -0.707107
vn 0.157346 -0.689378 -0.707107
vn 0.258335 -0.658227 -0.707107
vn 0.353553 -0.612372 -0.707107
vn 0.440874 -0.552838 -0.707107
vn 0.518346 -0.480955 -0.707107
vn 0.584239 -0.398327 -0.707107
vn 0.637081 -0.306802 -0.707107
vn 0.675692 -0.208423 -0.707107
vn 0.699209 -0.105389 -0.707107
vn -0.500000 0.000000 -0.866025
vn -0.707107 0.000000 -0.707107
vn -0.494415 0.074521 -0.866025
vn -0.699209 0.105389 -0.707107
vn -0.477786 0.147378 -0.866025
vn -0.675692 0.208423 -0.707107
vn -0.450484 0.216942 -0.866025
vn -0.637081 0.306802 -0.707107
vn -0.413119 0.281660 -0.866025
vn -0.584239 0.398327 -0.707107
vn -0.366526 0.340086 -0.866025
vn -0.518346 0.480955 -0.707107
vn -0.311745 0.390916 -0.866025
vn -0.440874 0.552838 -0.707107
vn -0.250000 0.433013 -0.866025
vn -0.353553 0.612372 -0.707107
vn -0.182671 0.465437 -0.866025
vn -0.258335 0.658227 -0.707107
vn -0.111260 0.487464 -0.866025
vn -0.157346 0.689378 -0.707107
vn -0.037365 0.498602 -0.866025
vn -0.052842 0.705130 -0.707107
vn 0.037365 0.498602 -0.866025
vn 0.052842 0.705130 -0.707107
vn 0.111260 0.487464 -0.866025
vn 0.157346 0.689378 -0.707107
vn 0.182671 0.465437 -0.866025
vn 0.258335 0.658227 -0.707107
vn 0.250000 0.433013 -0.866025
vn 0.353553 0.612372 -0.707107
vn 0.311745 0.390916 -0.866025
vn 0.440874 0.552838 -0.707107
vn 0.366526 0.340086 -0.866025
vn 0.518346 0.480955 -0.707107
vn 0.413119 0.281660 -0.866025
vn 0.584239 0.398327 -0.707107
vn 0.450484 0.216942 -0.866025
vn 0.637081 0.306802 -0.707107
vn 0.477786 0.147378 -0.866025
vn 0.675692 0.208423 -0.707107
vn 0.494415 0.074521 -0.866025
vn 0.699209 0.105389 -0.707107
vn 0.500000 -0.000000 -0.866025
vn 0.707107 -0.000000 -0.707107
vn 0.494415 -0.074521 -0.866025
vn 0.699209 -0.105389 -0.707107
vn 0.477786 -0.147378 -0.866025
vn 0.675692 -0.208423 -0.707107
vn 0.450484 -0.216942 -0.866025
vn 0.637081 -0.306802 -0.707107
vn 0.413119 -0.281660 -0.866025
vn 0.584239 -0.398327 -0.707107
vn 0.366526 -0.340086 -0.866025
vn 0.518346 -0.480955 -0.707107
vn 0.311745 -0.390916 -0.866025
vn 0.440874 -0.552838 -0.707107
vn 0.250000 -0.433013 -0.866025
vn 0.353553 -0.612372 -0.707107
vn 0.182671 -0.465437 -0.866025
vn 0.258335 -0.658227 -0.707107
vn 0.111260 -0.487464 -0.866025
vn 0.157346 -0.689378 -0.707107
vn 0.037365 -0.498602 -0.866025
vn 0.052842 -0.705130 -0.707107
vn -0.037365 -0.498602 -0.866025
vn -0.052842 -0.705130 -0.707107
vn -0.111260 -0.487464 -0.866025
vn -0.157346 -0.689378 -0.707107
vn -0.182671 -0.465437 -0.866025
vn -0.258335 -0.658227 -0.707107
vn -0.250000 -0.433013 -0.866025
vn -0.353553 -0.612372 -0.707107
vn -0.311745 -0.390916 -0.866025
vn -0.440874 -0.552838 -0.707107
vn -0.366526 -0.340086 -0.866025
vn -0.518346 -0.480955 -0.707107
vn -0.413119 -0.281660 -0.866025
vn -0.584239 -0.398327 -0.707107
vn -0.450484 -0.216942 -0.866025
vn -0.637081 -0.306802 -0.707107
vn -0.477786 -0.147378 -0.866025
vn -0.675692 -0.208423 -0.707107
vn -0.494415 -0.074521 -0.866025
vn -0.699209 -0.105389 -0.707107
vn -0.258819 -0.000000 -0.965926
vn -0.255928 -0.038575 -0.965926
vn -0.247320 -0.076288 -0.965926
vn -0.233188 -0.112297 -0.965926
vn -0.213846 -0.145798 -0.965926
vn -0.189728 -0.176042 -0.965926
vn -0.161371 -0.202353 -0.965926
vn -0.129410 -0.224144 -0.965926
vn -0.094557 -0.240928 -0.965926
vn -0.057593 -0.252330 -0.965926
vn -0.019342 -0.258095 -0.965926
vn 0.019342 -0.258095 -0.965926
vn 0.057593 -0.252330 -0.965926
vn 0.094557 -0.240928 -0.965926
vn 0.129410 -0.224144 -0.965926
vn 0.161371 -0.202353 -0.965926
vn 0.189728 -0.176042 -0.965926
vn 0.213846 -0.145798 -0.965926
vn 0.233188 -0.112297 -0.965926
vn 0.247320 -0.076288 -0.965926
vn 0.255928 -0.038575 -0.965926
vn 0.258819 -0.000000 -0.965926
vn 0.255928 0.038575 -0.965926
vn 0.247320 0.076288 -0.965926
vn 0.233188 0.112297 -0.965926
vn 0.213846 0.145798 -0.965926
vn 0.189728 0.176042 -0.965926
vn 0.161371 0.202353 -0.965926
vn 0.129410 0.224144 -0.965926
vn 0.094557 0.240928 -0.965926
vn 0.057593 0.252330 -0.965926
vn 0.019342 0.258095 -0.965926
vn -0.019342 0.258095 -0.965926
vn -0.057593 0.252330 -0.965926
vn -0.094557 0.240928 -0.965926
vn -0.129410 0.224144 -0.965926
vn -0.161371 0.202353 -0.965926
vn -0.189728 0.176042 -0.965926
vn -0.213846 0.145798 -0.965926
vn -0.233188 0.112297 -0.965926
vn -0.247320 0.076288 -0.965926
vn -0.255928 0.038575 -0.965926
vn -1.000000 0.000000 -0.000000
vn -0.965926 0.000000 0.258819
vn -0.988831 0.149042 -0.000000
vn -0.955137 0.143964 0.258819
vn -0.955573 0.294755 -0.000000
vn -0.923012 0.284712 0.258819
vn -0.900969 0.433884 -0.000000
vn -0.870269 0.419100 0.258819
vn -0.826239 0.563320 -0.000000
vn -0.798085 0.544125 0.258819
vn -0.733052 0.680173 -0.000000
vn -0.708074 0.656996 0.258819
vn -0.623490 0.781831 -0.000000
vn -0.602245 0.755191 0.258819
vn -0.500000 0.866025 -0.000000
vn -0.482963 0.836516 0.258819
vn -0.365341 0.930874 -0.000000
vn -0.352892 0.899155 0.258819
vn -0.222521 0.974928 -0.000000
vn -0.214939 0.941708 0.258819
vn -0.074730 0.997204 -0.000000
vn -0.072184 0.963225 0.258819
vn 0.074730 0.997204 -0.000000
vn 0.072184 0.963225 0.258819
vn 0.222521 0.974928 -0.000000
vn 0.214939 0.941708 0.258819
vn 0.365341 0.930874 -0.000000
vn 0.352892 0.899155 0.258819
vn 0.500000 0.866025 -0.000000
vn 0.482963 0.836516 0.258819
vn 0.623490 0.781831 -0.000000
vn 0.602245 0.755191 0.258819
vn 0.733052 0.680173 -0.000000
vn 0.708074 0.656996 0.258819
vn 0.826239 0.563320 -0.000000
vn 0.798085 0.544125 0.258819
vn 0.900969 0.433884 -0.000000
vn 0.870269 0.419100 0.258819
vn 0.955573 0.294755 -0.000000
vn 0.923012 0.284712 0.258819
vn 0.988831 0.149042 -0.000000
vn 0.955137 0.143964 0.258819
vn 1.000000 -0.000000 -0.000000
vn 0.965926 -0.000000 0.258819
vn 0.988831 -0.149042 -0.000000
vn 0.955137 -0.143964 0.258819
vn 0.955573 -0.294755 -0.000000
vn 0.923012 -0.284712 0.258819
vn 0.900969 -0.433884 -0.000000
vn 0.870269 -0.419100 0.258819
vn 0.826239 -0.563320 -0.000000
vn 0.798085 -0.544125 0.258819
vn 0.733052 -0.680173 -0.000000
vn 0.708074 -0.656996 0.258819
vn 0.623490 -0.781831 -0.000000
vn 0.602245 -0.755191 0.258819
vn 0.500000 -0.866025 -0.000000
vn 0.482963 -0.836516 0.258819
vn 0.365341 -0.930874 -0.000000
vn 0.352892 -0.899155 0.258819
vn 0.222521 -0.974928 -0.000000
vn 0.214939 -0.941708 0.258819
vn 0.074730 -0.997204 -0.000000
vn 0.072184 -0.963225 0.258819
vn -0.074730 -0.997204 0.000000
vn -0.072184 -0.963225 0.258819
vn -0.222521 -0.974928 0.000000
vn -0.214939 -0.941708 0.258819
vn -0.365341 -0.930874 0.000000
vn -0.352892 -0.899155 0.258819
vn -0.500000 -0.866025 0.000000
vn -0.482963 -0.836516 0.258819
vn -0.623490 -0.781831 0.000000
vn -0.602245 -0.755191 0.258819
vn -0.733052 -0.680173 0.000000
vn -0.708074 -0.656996 0.258819
vn -0.826239 -0.563320 0.000000
vn -0.798085 -0.544125 0.258819
vn -0.900969 -0.433884 0.000000
vn -0.870269 -0.419100 0.258819
vn -0.955573 -0.294755 0.000000
vn -0.923012 -0.284712 0.258819
vn -0.988831 -0.149042 0.000000
vn -0.955137 -0.143964 0.258819
vn -0.965926 -0.000000 -0.258819
vn -0.955137 -0.143964 -0.258819
vn -0.923012 -0.284712 -0.258819
vn -0.870269 -0.419100 -0.258819
vn -0.798085 -0.544125 -0.258819
vn -0.708074 -0.656996 -0.258819
vn -0.602245 -0.755191 -0.258819
vn -0.482963 -0.836516 -0.258819
vn -0.352892 -0.899155 -0.258819
vn -0.214939 -0.941708 -0.258819
vn -0.072184 -0.963225 -0.258819
vn 0.072184 -0.963225 -0.258819
vn 0.214939 -0.941708 -0.258819
vn 0.352892 -0.899155 -0.258819
vn 0.482963 -0.836516 -0.258819
vn 0.602245 -0.755191 -0.258819
vn 0.708074 -0.656996 -0.258819
vn 0.798085 -0.544125 -0.258819
vn 0.870269 -0.419100 -0.258819
vn 0.923012 -0.284712 -0.258819
vn 0.955137 -0.143964 -0.258819
vn 0.965926 -0.000000 -0.258819
vn 0.955137 0.143964 -0.258819
vn 0.923012 0.284712 -0.258819
vn 0.870269 0.419100 -0.258819
vn 0.798085 0.544125 -0.258819
vn 0.708074 0.656996 -0.258819
vn 0.602245 0.755191 -0.258819
vn 0.482963 0.836516 -0.258819
vn 0.352892 0.899155 -0.258819
vn 0.214939 0.941708 -0.258819
vn 0.072184 0.963225 -0.258819
vn -0.072184 0.963225 -0.258819
vn -0.214939 0.941708 -0.258819
vn -0.352892 0.899155 -0.258819
vn -0.482963 0.836516 -0.258819
vn -0.602245 0.755191 -0.258819
vn -0.708074 0.656996 -0.258819
vn -0.798085 0.544125 -0.258819
vn -0.870269 0.419100 -0.258819
vn -0.923012 0.284712 -0.258819
vn -0.955137 0.143964 -0.258819
vn -0.500000 0.000000 0.866025
vn -0.258819 0.000000 0.965926
vn -0.494415 0.074521 0.866025
vn -0.255928 0.038575 0.965926
vn -0.477786 0.147378 0.866025
vn -0.247320 0.076288 0.965926
vn -0.450484 0.216942 0.866025
vn -0.233188 0.112297 0.965926
vn -0.413119 0.281660 0.866025
vn -0.213846 0.145798 0.965926
vn -0.366526 0.340086 0.866025
vn -0.189728 0.176042 0.965926
vn -0.311745 0.390916 0.866025
vn -0.161371 0.202353 0.965926
vn -0.250000 0.433013 0.866025
vn -0.129410 0.224144 0.965926
vn -0.182671 0.465437 0.866025
vn -0.094557 0.240928 0.965926
vn -0.111260 0.487464 0.866025
vn -0.057593 0.252330 0.965926
vn -0.037365 0.498602 0.866025
vn -0.019342 0.258095 0.965926
vn 0.037365 0.498602 0.866025
vn 0.019342 0.258095 0.965926
vn 0.111260 0.487464 0.866025
vn 0.057593 0.252330 0.965926
vn 0.182671 0.465437 0.866025
vn 0.094557 0.240928 0.965926
vn 0.250000 0.433013 0.866025
vn 0.129410 0.224144 0.965926
vn 0.311745 0.390916 0.866025
vn 0.161371 0.202353 0.965926
vn 0.366526 0.340086 0.866025
vn 0.189728 0.176042 0.965926
vn 0.413119 0.281660 0.866025
vn 0.213846 0.145798 0.965926
vn 0.450484 0.216942 0.866025
vn 0.233188 0.112297 0.965926
vn 0.477786 0.147378 0.866025
vn 0.247320 0.076288 0.965926
vn 0.494415 0.074521 0.866025
vn 0.255928 0.038575 0.965926
vn 0.500000 -0.000000 0.866025
vn 0.258819 -0.000000 0.965926
vn 0.494415 -0.074521 0.866025
vn 0.255928 -0.038575 0.965926
vn 0.477786 -0.147378 0.866025
vn 0.247320 -0.076288 0.965926
vn 0.450484 -0.216942 0.866025
vn 0.233188 -0.112297 0.965926
vn 0.413119 -0.281660 0.866025
vn 0.213846 -0.145798 0.965926
vn 0.366526 -0.340086 0.866025
vn 0.189728 -0.176042 0.965926
vn 0.311745 -0.390916 0.866025
vn 0.161371 -0.202353 0.965926
vn 0.250000 -0.433013 0.866025
vn 0.129410 -0.224144 0.965926
vn 0.182671 -0.465437 0.866025
vn 0.094557 -0.240928 0.965926
vn 0.111260 -0.487464 0.866025
vn 0.057593 -0.252330 0.965926
vn 0.037365 -0.498602 0.866025
vn 0.019342 -0.258095 0.965926
vn -0.037365 -0.498602 0.866025
vn -0.019342 -0.258095 0.965926
vn -0.111260 -0.487464 0.866025
vn -0.057593 -0.252330 0.965926
vn -0.182671 -0.465437 0.866025
vn -0.094557 -0.240928 0.965926
vn -0.250000 -0.433013 0.866025
vn -0.129410 -0.224144 0.965926
vn -0.311745 -0.390916 0.866025
vn -0.161371 -0.202353 0.965926
vn -0.366526 -0.340086 0.866025
vn -0.189728 -0.176042 0.965926
vn -0.413119 -0.281660 0.866025
vn -0.213846 -0.145798 0.965926
vn -0.450484 -0.216942 0.866025
vn -0.233188 -0.112297 0.965926
vn -0.477786 -0.147378 0.866025
vn -0.247320 -0.076288 0.965926
vn -0.494415 -0.074521 0.866025
vn -0.255928 -0.038575 0.965926
vn -0.707107 -0.000000 0.707107
vn -0.699209 -0.105389 0.707107
vn -0.675692 -0.208423 0.707107
vn -0.637081 -0.306802 0.707107
vn -0.584239 -0.398327 0.707107
vn -0.518346 -0.480955 0.707107
vn -0.440874 -0.552838 0.707107
vn -0.353553 -0.612372 0.707107
vn -0.258335 -0.658227 0.707107
vn -0.157346 -0.689378 0.707107
vn -0.052842 -0.705130 0.707107
vn 0.052842 -0.705130 0.707107
vn 0.157346 -0.689378 0.707107
vn 0.258335 -0.658227 0.707107
vn 0.353553 -0.612372 0.707107
vn 0.440874 -0.552838 0.707107
vn 0.518346 -0.480955 0.707107
vn 0.584239 -0.398327 0.707107
vn 0.637081 -0.306802 0.707107
vn 0.675692 -0.208423 0.707107
vn 0.699209 -0.105389 0.707107
vn 0.707107 -0.000000 0.707107
vn 0.699209 0.105389 0.707107
vn 0.675692 0.208423 0.707107
vn 0.637081 0.306802 0.707107
vn 0.584239 0.398327 0.707107
vn 0.518346 0.480955 0.707107
vn 0.440874 0.552838 0.707107
vn 0.353553 0.612372 0.707107
vn 0.258335 0.658227 0.707107
vn 0.157346 0.689378 0.707107
vn 0.052842 0.705130 0.707107
vn -0.052842 0.705130 0.707107
vn -0.157346 0.689378 0.707107
vn -0.258335 0.658227 0.707107
vn -0.353553 0.612372 0.707107
vn -0.440874 0.552838 0.707107
vn -0.518346 0.480955 0.707107
vn -0.584239 0.398327 0.707107
vn -0.637081 0.306802 0.707107
vn -0.675692 0.208423 0.707107
vn -0.699209 0.105389 0.707107
vn 0.500000 -0.000000 0.866025
vn 0.707107 -0.000000 0.707107
vn 0.494415 -0.074521 0.866025
vn 0.699209 -0.105389 0.707107
vn 0.477786 -0.147378 0.866025
vn 0.675692 -0.208423 0.707107
vn 0.450484 -0.216942 0.866025
vn 0.637081 -0.306802 0.707107
vn 0.413119 -0.281660 0.866025
vn 0.584239 -0.398327 0.707107
vn 0.366526 -0.340086 0.866025
vn 0.518346 -0.480955 0.707107
vn 0.311745 -0.390916 0.866025
vn 0.440874 -0.552838 0.707107
vn 0.250000 -0.433013 0.866025
vn 0.353553 -0.612372 0.707107
vn 0.182671 -0.465437 0.866025
vn 0.258335 -0.658227 0.707107
vn 0.111260 -0.487464 0.866025
vn 0.157346 -0.689378 0.707107
vn 0.037365 -0.498602 0.866025
vn 0.052842 -0.705130 0.707107
vn -0.037365 -0.498602 0.866025
vn -0.052842 -0.705130 0.707107
vn -0.111260 -0.487464 0.866025
vn -0.157346 -0.689378 0.707107
vn -0.182671 -0.465437 0.866025
vn -0.258335 -0.658227 0.707107
vn -0.250000 -0.433013 0.866025
vn -0.353553 -0.612372 0.707107
vn -0.311745 -0.390916 0.866025
vn -0.440874 -0.552838 0.707107
vn -0.366526 -0.340086 0.866025
vn -0.518346 -0.480955 0.707107
vn -0.413119 -0.281660 0.866025
vn -0.584239 -0.398327 0.707107
vn -0.450484 -0.216942 0.866025
vn -0.637081 -0.306802 0.707107
vn -0.477786 -0.147378 0.866025
vn -0.675692 -0.208423 0.707107
vn -0.494415 -0.074521 0.866025
vn -0.699209 -0.105389 0.707107
vn -0.500000 -0.000000 0.866025
vn -0.707107 -0.000000 0.707107
vn -0.494415 0.074521 0.866025
vn -0.699209 0.105389 0.707107
vn -0.477786 0.147378 0.866025
vn -0.675692 0.208423 0.707107
vn -0.450484 0.216942 0.866025
vn -0.637081 0.306802 0.707107
vn -0.413119 0.281660 0.866025
vn -0.584239 0.398327 0.707107
vn -0.366526 0.340086 0.866025
vn -0.518346 0.480955 0.707107
vn -0.311745 0.390916 0.866025
vn -0.440874 0.552838 0.707107
vn -0.250000 0.433013 0.866025
vn -0.353553 0.612372 0.707107
vn -0.182671 0.465437 0.866025
vn -0.258335 0.658227 0.707107
vn -0.111260 0.487464 0.866025
vn -0.157346 0.689378 0.707107
vn -0.037365 0.498602 0.866025
vn -0.052842 0.705130 0.707107
vn 0.037365 0.498602 0.866025
vn 0.052842 0.705130 0.707107
vn 0.111260 0.487464 0.866025
vn 0.157346 0.689378 0.707107
vn 0.182671 0.465437 0.866025
vn 0.258335 0.658227 0.707107
vn 0.250000 0.433013 0.866025
vn 0.353553 0.612372 0.707107
vn 0.311745 0.390916 0.866025
vn 0.440874 0.552838 0.707107
vn 0.366526 0.340086 0.866025
vn 0.518346 0.480955 0.707107
vn 0.413119 0.281660 0.866025
vn 0.584239 0.398327 0.707107
vn 0.450484 0.216942 0.866025
vn 0.637081 0.306802 0.707107
vn 0.477786 0.147378 0.866025
vn 0.675692 0.208423 0.707107
vn 0.494415 0.074521 0.866025
vn 0.699209 0.105389 0.707107
vn 0.258819 0.000000 0.965926
vn 0.255928 0.038575 0.965926
vn 0.247320 0.076288 0.965926
vn 0.233188 0.112297 0.965926
vn 0.213846 0.145798 0.965926
vn 0.189728 0.176042 0.965926
vn 0.161371 0.202353 0.965926
vn 0.129410 0.224144 0.965926
vn 0.094557 0.240928 0.965926
vn 0.057593 0.252330 0.965926
vn 0.019342 0.258095 0.965926
vn -0.019342 0.258095 0.965926
vn -0.057593 0.252330 0.965926
vn -0.094557 0.240928 0.965926
vn -0.129410 0.224144 0.965926
vn -0.161371 0.202353 0.965926
vn -0.189728 0.176042 0.965926
vn -0.213846 0.145798 0.965926
vn -0.233188 0.112297 0.965926
vn -0.247320 0.076288 0.965926
vn -0.255928 0.038575 0.965926
vn -0.258819 -0.000000 0.965926
vn -0.255928 -0.038575 0.965926
vn -0.247320 -0.076288 0.965926
vn -0.233188 -0.112297 0.965926
vn -0.213846 -0.145798 0.965926
vn -0.189728 -0.176042 0.965926
vn -0.161371 -0.202353 0.965926
vn -0.129410 -0.224144 0.965926
vn -0.094557 -0.240928 0.965926
vn -0.057593 -0.252330 0.965926
vn -0.019342 -0.258095 0.965926
vn 0.019342 -0.258095 0.965926
vn 0.057593 -0.252330 0.965926
vn 0.094557 -0.240928 0.965926
vn 0.129410 -0.224144 0.965926
vn 0.161371 -0.202353 0.965926
vn 0.189728 -0.176042 0.965926
vn 0.213846 -0.145798 0.965926
vn 0.233188 -0.112297 0.965926
vn 0.247320 -0.076288 0.965926
vn 0.255928 -0.038575 0.965926
vn 0.866025 0.000000 0.500000
vn 0.856353 0.129074 0.500000
vn 0.827550 0.255265 0.500000
vn 0.780262 0.375754 0.500000
vn 0.715544 0.487849 0.500000
vn 0.634842 0.589047 0.500000
vn 0.539958 0.677086 0.500000
vn 0.433013 0.750000 0.500000
vn 0.316395 0.806160 0.500000
vn 0.192709 0.844312 0.500000
vn 0.064718 0.863604 0.500000
vn -0.064718 0.863604 0.500000
vn -0.192709 0.844312 0.500000
vn -0.316395 0.806160 0.500000
vn -0.433013 0.750000 0.500000
vn -0.539958 0.677086 0.500000
vn -0.634842 0.589047 0.500000
vn -0.715544 0.487849 0.500000
vn -0.780262 0.375754 0.500000
vn -0.827550 0.255265 0.500000
vn -0.856353 0.129074 0.500000
vn -0.866025 -0.000000 0.500000
vn -0.856353 -0.129074 0.500000
vn -0.827550 -0.255265 0.500000
vn -0.780262 -0.375754 0.500000
vn -0.715544 -0.487849 0.500000
vn -0.634842 -0.589047 0.500000
vn -0.539958 -0.677086 0.500000
vn -0.433013 -0.750000 0.500000
vn -0.316395 -0.806160 0.500000
vn -0.192709 -0.844312 0.500000
vn -0.064718 -0.863604 0.500000
vn 0.064718 -0.863604 0.500000
vn 0.192709 -0.844312 0.500000
vn 0.316395 -0.806160 0.500000
vn 0.433013 -0.750000 0.500000
vn 0.539958 -0.677086 0.500000
vn 0.634842 -0.589047 0.500000
vn 0.715544 -0.487849 0.500000
vn 0.780262 -0.375754 0.500000
vn 0.827550 -0.255265 0.500000
vn 0.856353 -0.129074 0.500000
vn -0.000000 -0.000000 1.000000
vn -0.000000 -0.000000 1.000000
vn -0.000000 -0.000000 1.000000
vn -0.000000 -0.000000 1.000000
vn -0.000000 -0.000000 1.000000
vn -0.000000 -0.000000 1.000000
vn -0.000000 -0.000000 1.000000
vn -0.000000 -0.000000 1.000000
vn -0.000000 -0.000000 1.000000
vn -0.000000 -0.000000 1.000000
vn -0.000000 -0.000000 1.000000
vn 0.000000 -0.000000 1.000000
vn 0.000000 -0.000000 1.000000
vn 0.000000 -0.000000 1.000000
vn 0.000000 -0.000000 1.000000
vn 0.000000 -0.000000 1.000000
vn 0.000000 -0.000000 1.000000
vn 0.000000 -0.000000 1.000000
vn 0.000000 -0.000000 1.000000
vn 0.000000 -0.000000 1.000000
vn 0.000000 -0.000000 1.000000
vn 0.000000 -0.000000 1.000000
vn 0.000000 0.000000 1.000000
vn 0.000000 0.000000 1.000000
vn 0.000000 0.000000 1.000000
vn 0.000000 0.000000 1.000000
vn 0.000000 0.000000 1.000000
vn 0.000000 0.000000 1.000000
vn 0.000000 0.000000 1.000000
vn 0.000000 0.000000 1.000000
vn 0.000000 0.000000 1.000000
vn 0.000000 0.000000 1.000000
vn -0.000000 0.000000 1.000000
vn -0.000000 0.000000 1.000000
vn -0.000000 0.000000 1.000000
vn -0.000000 0.000000 1.000000
vn -0.000000 0.000000 1.000000
vn -0.000000 0.000000 1.000000
vn -0.000000 0.000000 1.000000
vn -0.000000 0.000000 1.000000
vn -0.000000 0.000000 1.000000
vn -0.000000 0.000000 1.000000
vn -0.866025 -0.000000 0.500000
vn -0.856353 -0.129074 0.500000
vn -0.827550 -0.255265 0.500000
vn -0.780262 -0.375754 0.500000
vn -0.715544 -0.487849 0.500000
vn -0.634842 -0.589047 0.500000
vn -0.539958 -0.677086 0.500000
vn -0.433013 -0.750000 0.500000
vn -0.316395 -0.806160 0.500000
vn -0.192709 -0.844312 0.500000
vn -0.064718 -0.863604 0.500000
vn 0.064718 -0.863604 0.500000
vn 0.192709 -0.844312 0.500000
vn 0.316395 -0.806160 0.500000
vn 0.433013 -0.750000 0.500000
vn 0.539958 -0.677086 0.500000
vn 0.634842 -0.589047 0.500000
vn 0.715544 -0.487849 0.500000
vn 0.780262 -0.375754 0.500000
vn 0.827550 -0.255265 0.500000
vn 0.856353 -0.129074 0.500000
vn 0.866025 -0.000000 0.500000
vn 0.856353 0.129074 0.500000
vn 0.827550 0.255265 0.500000
vn 0.780262 0.375754 0.500000
vn 0.715544 0.487849 0.500000
vn 0.634842 0.589047 0.500000
vn 0.539958 0.677086 0.500000
vn 0.433013 0.750000 0.500000
vn 0.316395 0.806160 0.500000
vn 0.192709 0.844312 0.500000
vn 0.064718 0.863604 0.500000
vn -0.064718 0.863604 0.500000
vn -0.192709 0.844312 0.500000
vn -0.316395 0.806160 0.500000
vn -0.433013 0.750000 0.500000
vn -0.539958 0.677086 0.500000
vn -0.634842 0.589047 0.500000
vn -0.715544 0.487849 0.500000
vn -0.780262 0.375754 0.500000
vn -0.827550 0.255265 0.500000
vn -0.856353 0.129074 0.500000
vn -0.866025 -0.000000 -0.500000
vn -0.856353 -0.129074 -0.500000
vn -0.827550 -0.255265 -0.500000
vn -0.780262 -0.375754 -0.500000
vn -0.715544 -0.487849 -0.500000
vn -0.634842 -0.589047 -0.500000
vn -0.539958 -0.677086 -0.500000
vn -0.433013 -0.750000 -0.500000
vn -0.316395 -0.806160 -0.500000
vn -0.192709 -0.844312 -0.500000
vn -0.064718 -0.863604 -0.500000
vn 0.064718 -0.863604 -0.500000
vn 0.192709 -0.844312 -0.500000
vn 0.316395 -0.806160 -0.500000
vn 0.433013 -0.750000 -0.500000
vn 0.539958 -0.677086 -0.500000
vn 0.634842 -0.589047 -0.500000
vn 0.715544 -0.487849 -0.500000
vn 0.780262 -0.375754 -0.500000
vn 0.827550 -0.255265 -0.500000
vn 0.856353 -0.129074 -0.500000
vn 0.866025 -0.000000 -0.500000
vn 0.856353 0.129074 -0.500000
vn 0.827550 0.255265 -0.500000
vn 0.780262 0.375754 -0.500000
vn 0.715544 0.487849 -0.500000
vn 0.634842 0.589047 -0.500000
vn 0.539958 0.677086 -0.500000
vn 0.433013 0.750000 -0.500000
vn 0.316395 0.806160 -0.500000
vn 0.192709 0.844312 -0.500000
vn 0.064718 0.863604 -0.500000
vn -0.064718 0.863604 -0.500000
vn -0.192709 0.844312 -0.500000
vn -0.316395 0.806160 -0.500000
vn -0.433013 0.750000 -0.500000
vn -0.539958 0.677086 -0.500000
vn -0.634842 0.589047 -0.500000
vn -0.715544 0.487849 -0.500000
vn -0.780262 0.375754 -0.500000
vn -0.827550 0.255265 -0.500000
vn -0.856353 0.129074 -0.500000
vn -0.000000 -0.000000 -1.000000
vn -0.000000 -0.000000 -1.000000
vn -0.000000 -0.000000 -1.000000
vn -0.000000 -0.000000 -1.000000
vn -0.000000 -0.000000 -1.000000
vn -0.000000 -0.000000 -1.000000
vn -0.000000 -0.000000 -1.000000
vn -0.000000 -0.000000 -1.000000
vn -0.000000 -0.000000 -1.000000
vn -0.000000 -0.000000 -1.000000
vn -0.000000 -0.000000 -1.000000
vn 0.000000 -0.000000 -1.000000
vn 0.000000 -0.000000 -1.000000
vn 0.000000 -0.000000 -1.000000
vn 0.000000 -0.000000 -1.000000
vn 0.000000 -0.000000 -1.000000
vn 0.000000 -0.000000 -1.000000
vn 0.000000 -0.000000 -1.000000
vn 0.000000 -0.000000 -1.000000
vn 0.000000 -0.000000 -1.000000
vn 0.000000 -0.000000 -1.000000
vn 0.000000 -0.000000 -1.000000
vn 0.000000 0.000000 -1.000000
vn 0.000000 0.000000 -1.000000
vn 0.000000 0.000000 -1.000000
vn 0.000000 0.000000 -1.000000
vn 0.000000 0.000000 -1.000000
vn 0.000000 0.000000 -1.000000
vn 0.000000 0.000000 -1.000000
vn 0.000000 0.000000 -1.000000
vn 0.000000 0.000000 -1.000000
vn 0.000000 0.000000 -1.000000
vn -0.000000 0.000000 -1.000000
vn -0.000000 0.000000 -1.000000
vn -0.000000 0.000000 -1.000000
vn -0.000000 0.000000 -1.000000
vn -0.000000 0.000000 -1.000000
vn -0.000000 0.000000 -1.000000
vn -0.000000 0.000000 -1.000000
vn -0.000000 0.000000 -1.000000
vn -0.000000 0.000000 -1.000000
vn -0.000000 0.000000 -1.000000
vn 0.866025 0.000000 -0.500000
vn 0.856353 0.129074 -0.500000
vn 0.827550 0.255265 -0.500000
vn 0.780262 0.375754 -0.500000
vn 0.715544 0.487849 -0.500000
vn 0.634842 0.589047 -0.500000
vn 0.539958 0.677086 -0.500000
vn 0.433013 0.750000 -0.500000
vn 0.316395 0.806160 -0.500000
vn 0.192709 0.844312 -0.500000
vn 0.064718 0.863604 -0.500000
vn -0.064718 0.863604 -0.500000
vn -0.192709 0.844312 -0.500000
vn -0.316395 0.806160 -0.500000
vn -0.433013 0.750000 -0.500000
vn -0.539958 0.677086 -0.500000
vn -0.634842 0.589047 -0.500000
vn -0.715544 0.487849 -0.500000
vn -0.780262 0.375754 -0.500000
vn -0.827550 0.255265 -0.500000
vn -0.856353 0.129074 -0.500000
vn -0.866025 0.000000 -0.500000
vn -0.856353 -0.129074 -0.500000
vn -0.827550 -0.255265 -0.500000
vn -0.780262 -0.375754 -0.500000
vn -0.715544 -0.487849 -0.500000
vn -0.634842 -0.589047 -0.500000
vn -0.539958 -0.677086 -0.500000
vn -0.433013 -0.750000 -0.500000
vn -0.316395 -0.806160 -0.500000
vn -0.192709 -0.844312 -0.500000
vn -0.064718 -0.863604 -0.500000
vn 0.064718 -0.863604 -0.500000
vn 0.192709 -0.844312 -0.500000
vn 0.316395 -0.806160 -0.500000
vn 0.433013 -0.750000 -0.500000
vn 0.539958 -0.677086 -0.500000
vn 0.634842 -0.589047 -0.500000
vn 0.715544 -0.487849 -0.500000
vn 0.780262 -0.375754 -0.500000
vn 0.827550 -0.255265 -0.500000
vn 0.856353 -0.129074 -0.500000
usemtl Coating_-_Black_Oxide
f 313/470/457 377/471/458 324/472/459
f 324/472/459 377/471/458 400/473/460
f 324/472/459 400/473/460 325/474/461
f 325/474/461 400/473/460 791/475/462
f 325/474/461 791/475/462 326/476/463
f 326/476/463 791/475/462 814/477/464
f 326/476/463 814/477/464 327/478/465
f 327/478/465 814/477/464 837/479/466
f 327/478/465 837/479/466 328/480/467
f 328/480/467 837/479/466 860/481/468
f 328/480/467 860/481/468 329/482/469
f 329/482/469 860/481/468 700/483/470
f 329/482/469 700/483/470 323/484/471
f 323/484/471 700/483/470 745/485/472
f 323/484/471 745/485/472 330/486/473
f 330/486/473 745/485/472 768/487/474
f 330/486/473 768/487/474 331/488/475
f 331/488/475 768/487/474 883/489/476
f 331/488/475 883/489/476 332/490/477
f 332/490/477 883/489/476 906/491/478
f 332/490/477 906/491/478 333/492/479
f 333/492/479 906/491/478 929/493/480
f 333/492/479 929/493/480 334/494/481
f 334/494/481 929/493/480 952/495/482
f 334/494/481 952/495/482 335/496/483
f 335/496/483 952/495/482 631/497/484
f 335/496/483 631/497/484 322/498/485
f 322/498/485 631/497/484 676/499/486
f 322/498/485 676/499/486 336/500/487
f 336/500/487 676/499/486 699/501/488
f 336/500/487 699/501/488 337/502/489
f 337/502/489 699/501/488 975/503/490
f 337/502/489 975/503/490 338/504/491
f 338/504/491 975/503/490 998/505/492
f 338/504/491 998/505/492 339/506/493
f 339/506/493 998/505/492 1021/507/494
f 339/506/493 1021/507/494 340/508/495
f 340/508/495 1021/507/494 1044/509/496
f 340/508/495 1044/509/496 341/510/497
f 341/510/497 1044/509/496 562/511/498
f 341/510/497 562/511/498 321/512/499
f 321/512/499 562/511/498 607/513/500
f 321/512/499 607/513/500 342/514/501
f 342/514/501 607/513/500 630/515/502
f 342/514/501 630/515/502 343/516/503
f 343/516/503 630/515/502 1067/517/504
f 343/516/503 1067/517/504 344/518/505
f 344/518/505 1067/517/504 1090/519/506
f 344/518/505 1090/519/506 345/520/507
f 345/520/507 1090/519/506 1113/521/508
f 345/520/507 1113/521/508 346/522/509
f 346/522/509 1113/521/508 1136/523/510
f 346/522/509 1136/523/510 347/524/511
f 347/524/511 1136/523/510 493/525/512
f 347/524/511 493/525/512 320/526/513
f 320/526/513 493/525/512 538/527/514
f 320/526/513 538/527/514 348/528/515
f 348/528/515 538/527/514 561/529/516
f 348/528/515 561/529/516 349/530/517
f 349/530/517 561/529/516 1159/531/518
f 349/530/517 1159/531/518 350/532/519
f 350/532/519 1159/531/518 1182/533/520
f 350/532/519 1182/533/520 351/534/521
f 351/534/521 1182/533/520 1205/535/522
f 351/534/521 1205/535/522 352/536/523
f 352/536/523 1205/535/522 1228/537/524
f 352/536/523 1228/537/524 353/538/525
f 353/538/525 1228/537/524 424/539/526
f 353/538/525 424/539/526 319/540/527
f 319/540/527 424/539/526 469/541/528
f 319/540/527 469/541/528 354/542/529
f 354/542/529 469/541/528 492/543/530
f 354/542/529 492/543/530 355/544/531
f 355/544/531 492/543/530 1251/545/532
f 355/544/531 1251/545/532 356/546/533
f 356/546/533 1251/545/532 1274/547/534
f 356/546/533 1274/547/534 357/548/535
f 357/548/535 1274/547/534 1297/549/536
f 357/548/535 1297/549/536 358/550/537
f 358/550/537 1297/549/536 1320/551/538
f 358/550/537 1320/551/538 359/552/539
f 359/552/539 1320/551/538 401/553/540
f 359/552/539 401/553/540 313/554/457
f 313/554/457 401/553/540 377/555/458
f 313/556/457 360/557/541 359/558/539
f 359/558/539 360/557/541 423/559/542
f 359/558/539 423/559/542 358/560/537
f 358/560/537 423/559/542 1298/561/543
f 358/560/537 1298/561/543 357/562/535
f 357/562/535 1298/561/543 1275/563/544
f 357/562/535 1275/563/544 356/564/533
f 356/564/533 1275/563/544 1252/565/545
f 356/564/533 1252/565/545 355/566/531
f 355/566/531 1252/565/545 1229/567/546
f 355/566/531 1229/567/546 354/568/529
f 354/568/529 1229/567/546 470/569/547
f 354/568/529 470/569/547 319/570/527
f 319/570/527 470/569/547 447/571/548
f 319/570/527 447/571/548 353/572/525
f 353/572/525 447/571/548 446/573/549
f 353/572/525 446/573/549 352/574/523
f 352/574/523 446/573/549 1206/575/550
f 352/574/523 1206/575/550 351/576/521
f 351/576/521 1206/575/550 1183/577/551
f 351/576/521 1183/577/551 350/578/519
f 350/578/519 1183/577/551 1160/579/552
f 350/578/519 1160/579/552 349/580/517
f 349/580/517 1160/579/552 1137/581/553
f 349/580/517 1137/581/553 348/582/515
f 348/582/515 1137/581/553 539/583/554
f 348/582/515 539/583/554 320/584/513
f 320/584/513 539/583/554 516/585/555
f 320/584/513 516/585/555 347/586/511
f 347/586/511 516/585/555 515/587/556
f 347/586/511 515/587/556 346/588/509
f 346/588/509 515/587/556 1114/589/557
f 346/588/509 1114/589/557 345/590/507
f 345/590/507 1114/589/557 1091/591/558
f 345/590/507 1091/591/558 344/592/505
f 344/592/505 1091/591/558 1068/593/559
f 344/592/505 1068/593/559 343/594/503
f 343/594/503 1068/593/559 1045/595/560
f 343/594/503 1045/595/560 342/596/501
f 342/596/501 1045/595/560 608/597/561
f 342/596/501 608/597/561 321/598/499
f 321/598/499 608/597/561 585/599/562
f 321/598/499 585/599/562 341/600/497
f 341/600/497 585/599/562 584/601/563
f 341/600/497 584/601/563 340/602/495
f 340/602/495 584/601/563 1022/603/564
f 340/602/495 1022/603/564 339/604/493
f 339/604/493 1022/603/564 999/605/565
f 339/604/493 999/605/565 338/606/491
f 338/606/491 999/605/565 976/607/566
f 338/606/491 976/607/566 337/608/489
f 337/608/489 976/607/566 953/609/567
f 337/608/489 953/609/567 336/610/487
f 336/610/487 953/609/567 677/611/568
f 336/610/487 677/611/568 322/612/485
f 322/612/485 677/611/568 654/613/569
f 322/612/485 654/613/569 335/614/483
f 335/614/483 654/613/569 653/615/570
f 335/614/483 653/615/570 334/616/481
f 334/616/481 653/615/570 930/617/571
f 334/616/481 930/617/571 333/618/479
f 333/618/479 930/617/571 907/619/572
f 333/618/479 907/619/572 332/620/477
f 332/620/477 907/619/572 884/621/573
f 332/620/477 884/621/573 331/622/475
f 331/622/475 884/621/573 861/623/574
f 331/622/475 861/623/574 330/624/473
f 330/624/473 861/623/574 746/625/575
f 330/624/473 746/625/575 323/626/471
f 323/626/471 746/625/575 723/627/576
f 323/626/471 723/627/576 329/628/469
f 329/628/469 723/627/576 722/629/577
f 329/628/469 722/629/577 328/630/467
f 328/630/467 722/629/577 838/631/578
f 328/630/467 838/631/578 327/632/465
f 327/632/465 838/631/578 815/633/579
f 327/632/465 815/633/579 326/634/463
f 326/634/463 815/633/579 792/635/580
f 326/634/463 792/635/580 325/636/461
f 325/636/461 792/635/580 769/637/581
f 325/636/461 769/637/581 324/638/459
f 324/638/459 769/637/581 378/639/582
f 324/638/459 378/639/582 313/640/457
f 313/640/457 378/639/582 360/641/541
f 314/642/583 374/643/584 397/644/585
f 397/644/585 374/643/584 396/645/586
f 397/644/585 396/645/586 788/646/587
f 788/646/587 396/645/586 787/647/588
f 788/646/587 787/647/588 811/648/589
f 811/648/589 787/647/588 810/649/590
f 811/648/589 810/649/590 834/650/591
f 834/650/591 810/649/590 833/651/592
f 834/650/591 833/651/592 857/652/593
f 857/652/593 833/651/592 856/653/594
f 857/652/593 856/653/594 703/654/595
f 703/654/595 856/653/594 704/655/596
f 703/654/595 704/655/596 742/656/597
f 742/656/597 704/655/596 741/657/598
f 742/656/597 741/657/598 765/658/599
f 765/658/599 741/657/598 764/659/600
f 765/658/599 764/659/600 880/660/601
f 880/660/601 764/659/600 879/661/602
f 880/660/601 879/661/602 903/662/603
f 903/662/603 879/661/602 902/663/604
f 903/662/603 902/663/604 926/664/605
f 926/664/605 902/663/604 925/665/606
f 926/664/605 925/665/606 949/666/607
f 949/666/607 925/665/606 948/667/608
f 949/666/607 948/667/608 634/668/609
f 634/668/609 948/667/608 635/669/610
f 634/668/609 635/669/610 673/670/611
f 673/670/611 635/669/610 672/671/612
f 673/670/611 672/671/612 696/672/613
f 696/672/613 672/671/612 695/673/614
f 696/672/613 695/673/614 972/674/615
f 972/674/615 695/673/614 971/675/616
f 972/674/615 971/675/616 995/676/617
f 995/676/617 971/675/616 994/677/618
f 995/676/617 994/677/618 1018/678/619
f 1018/678/619 994/677/618 1017/679/620
f 1018/678/619 1017/679/620 1041/680/621
f 1041/680/621 1017/679/620 1040/681/622
f 1041/680/621 1040/681/622 565/682/623
f 565/682/623 1040/681/622 566/683/624
f 565/682/623 566/683/624 604/684/625
f 604/684/625 566/683/624 603/685/626
f 604/684/625 603/685/626 627/686/627
f 627/686/627 603/685/626 626/687/628
f 627/686/627 626/687/628 1064/688/629
f 1064/688/629 626/687/628 1063/689/630
f 1064/688/629 1063/689/630 1087/690/631
f 1087/690/631 1063/689/630 1086/691/632
f 1087/690/631 1086/691/632 1110/692/633
f 1110/692/633 1086/691/632 1109/693/634
f 1110/692/633 1109/693/634 1133/694/635
f 1133/694/635 1109/693/634 1132/695/636
f 1133/694/635 1132/695/636 496/696/637
f 496/696/637 1132/695/636 497/697/638
f 496/696/637 497/697/638 535/698/639
f 535/698/639 497/697/638 534/699/640
f 535/698/639 534/699/640 558/700/641
f 558/700/641 534/699/640 557/701/642
f 558/700/641 557/701/642 1156/702/643
f 1156/702/643 557/701/642 1155/703/644
f 1156/702/643 1155/703/644 1179/704/645
f 1179/704/645 1155/703/644 1178/705/646
f 1179/704/645 1178/705/646 1202/706/647
f 1202/706/647 1178/705/646 1201/707/648
f 1202/706/647 1201/707/648 1225/708/649
f 1225/708/649 1201/707/648 1224/709/650
f 1225/708/649 1224/709/650 427/710/651
f 427/710/651 1224/709/650 428/711/652
f 427/710/651 428/711/652 466/712/653
f 466/712/653 428/711/652 465/713/654
f 466/712/653 465/713/654 489/714/655
f 489/714/655 465/713/654 488/715/656
f 489/714/655 488/715/656 1248/716/657
f 1248/716/657 488/715/656 1247/717/658
f 1248/716/657 1247/717/658 1271/718/659
f 1271/718/659 1247/717/658 1270/719/660
f 1271/718/659 1270/719/660 1294/720/661
f 1294/720/661 1270/719/660 1293/721/662
f 1294/720/661 1293/721/662 1317/722/663
f 1317/722/663 1293/721/662 1316/723/664
f 1317/722/663 1316/723/664 404/724/665
f 404/724/665 1316/723/664 405/725/666
f 404/724/665 405/725/666 314/726/583
f 314/726/583 405/725/666 374/727/584
f 314/726/583 375/728/667 404/724/665
f 404/724/665 375/728/667 403/729/668
f 404/724/665 403/729/668 1317/722/663
f 1317/722/663 403/729/668 1318/730/669
f 1317/722/663 1318/730/669 1294/720/661
f 1294/720/661 1318/730/669 1295/731/670
f 1294/720/661 1295/731/670 1271/718/659
f 1271/718/659 1295/731/670 1272/732/671
f 1271/718/659 1272/732/671 1248/716/657
f 1248/716/657 1272/732/671 1249/733/672
f 1248/716/657 1249/733/672 489/714/655
f 489/714/655 1249/733/672 490/734/673
f 489/714/655 490/734/673 466/712/653
f 466/712/653 490/734/673 467/735/674
f 466/712/653 467/735/674 427/710/651
f 427/710/651 467/735/674 426/736/675
f 427/710/651 426/736/675 1225/708/649
f 1225/708/649 426/736/675 1226/737/676
f 1225/708/649 1226/737/676 1202/706/647
f 1202/706/647 1226/737/676 1203/738/677
f 1202/706/647 1203/738/677 1179/704/645
f 1179/704/645 1203/738/677 1180/739/678
f 1179/704/645 1180/739/678 1156/702/643
f 1156/702/643 1180/739/678 1157/740/679
f 1156/702/643 1157/740/679 558/700/641
f 558/700/641 1157/740/679 559/741/680
f 558/700/641 559/741/680 535/698/639
f 535/698/639 559/741/680 536/742/681
f 535/698/639 536/742/681 496/696/637
f 496/696/637 536/742/681 495/743/682
f 496/696/637 495/743/682 1133/694/635
f 1133/694/635 495/743/682 1134/744/683
f 1133/694/635 1134/744/683 1110/692/633
f 1110/692/633 1134/744/683 1111/745/684
f 1110/692/633 1111/745/684 1087/690/631
f 1087/690/631 1111/745/684 1088/746/685
f 1087/690/631 1088/746/685 1064/688/629
f 1064/688/629 1088/746/685 1065/747/686
f 1064/688/629 1065/747/686 627/686/627
f 627/686/627 1065/747/686 628/748/687
f 627/686/627 628/748/687 604/684/625
f 604/684/625 628/748/687 605/749/688
f 604/684/625 605/749/688 565/682/623
f 565/682/623 605/749/688 564/750/689
f 565/682/623 564/750/689 1041/680/621
f 1041/680/621 564/750/689 1042/751/690
f 1041/680/621 1042/751/690 1018/678/619
f 1018/678/619 1042/751/690 1019/752/691
f 1018/678/619 1019/752/691 995/676/617
f 995/676/617 1019/752/691 996/753/692
f 995/676/617 996/753/692 972/674/615
f 972/674/615 996/753/692 973/754/693
f 972/674/615 973/754/693 696/672/613
f 696/672/613 973/754/693 697/755/694
f 696/672/613 697/755/694 673/670/611
f 673/670/611 697/755/694 674/756/695
f 673/670/611 674/756/695 634/668/609
f 634/668/609 674/756/695 633/757/696
f 634/668/609 633/757/696 949/666/607
f 949/666/607 633/757/696 950/758/697
f 949/666/607 950/758/697 926/664/605
f 926/664/605 950/758/697 927/759/698
f 926/664/605 927/759/698 903/662/603
f 903/662/603 927/759/698 904/760/699
f 903/662/603 904/760/699 880/660/601
f 880/660/601 904/760/699 881/761/700
f 880/660/601 881/761/700 765/658/599
f 765/658/599 881/761/700 766/762/701
f 765/658/599 766/762/701 742/656/597
f 742/656/597 766/762/701 743/763/702
f 742/656/597 743/763/702 703/654/595
f 703/654/595 743/763/702 702/764/703
f 703/654/595 702/764/703 857/652/593
f 857/652/593 702/764/703 858/765/704
f 857/652/593 858/765/704 834/650/591
f 834/650/591 858/765/704 835/766/705
f 834/650/591 835/766/705 811/648/589
f 811/648/589 835/766/705 812/767/706
f 811/648/589 812/767/706 788/646/587
f 788/646/587 812/767/706 789/768/707
f 788/646/587 789/768/707 397/644/585
f 397/644/585 789/768/707 398/769/708
f 397/644/585 398/769/708 314/642/583
f 314/642/583 398/769/708 375/770/667
f 315/771/709 371/772/710 393/773/711
f 393/773/711 371/772/710 392/774/712
f 393/773/711 392/774/712 784/775/713
f 784/775/713 392/774/712 783/776/714
f 784/775/713 783/776/714 807/777/715
f 807/777/715 783/776/714 806/778/716
f 807/777/715 806/778/716 830/779/717
f 830/779/717 806/778/716 829/780/718
f 830/779/717 829/780/718 853/781/719
f 853/781/719 829/780/718 852/782/720
f 853/781/719 852/782/720 707/783/721
f 707/783/721 852/782/720 708/784/722
f 707/783/721 708/784/722 738/785/723
f 738/785/723 708/784/722 737/786/724
f 738/785/723 737/786/724 761/787/725
f 761/787/725 737/786/724 760/788/726
f 761/787/725 760/788/726 876/789/727
f 876/789/727 760/788/726 875/790/728
f 876/789/727 875/790/728 899/791/729
f 899/791/729 875/790/728 898/792/730
f 899/791/729 898/792/730 922/793/731
f 922/793/731 898/792/730 921/794/732
f 922/793/731 921/794/732 945/795/733
f 945/795/733 921/794/732 944/796/734
f 945/795/733 944/796/734 638/797/735
f 638/797/735 944/796/734 639/798/736
f 638/797/735 639/798/736 669/799/737
f 669/799/737 639/798/736 668/800/738
f 669/799/737 668/800/738 692/801/739
f 692/801/739 668/800/738 691/802/740
f 692/801/739 691/802/740 968/803/741
f 968/803/741 691/802/740 967/804/742
f 968/803/741 967/804/742 991/805/743
f 991/805/743 967/804/742 990/806/744
f 991/805/743 990/806/744 1014/807/745
f 1014/807/745 990/806/744 1013/808/746
f 1014/807/745 1013/808/746 1037/809/747
f 1037/809/747 1013/808/746 1036/810/748
f 1037/809/747 1036/810/748 569/811/749
f 569/811/749 1036/810/748 570/812/750
f 569/811/749 570/812/750 600/813/751
f 600/813/751 570/812/750 599/814/752
f 600/813/751 599/814/752 623/815/753
f 623/815/753 599/814/752 622/816/754
f 623/815/753 622/816/754 1060/817/755
f 1060/817/755 622/816/754 1059/818/756
f 1060/817/755 1059/818/756 1083/819/757
f 1083/819/757 1059/818/756 1082/820/758
f 1083/819/757 1082/820/758 1106/821/759
f 1106/821/759 1082/820/758 1105/822/760
f 1106/821/759 1105/822/760 1129/823/761
f 1129/823/761 1105/822/760 1128/824/762
f 1129/823/761 1128/824/762 500/825/763
f 500/825/763 1128/824/762 501/826/764
f 500/825/763 501/826/764 531/827/765
f 531/827/765 501/826/764 530/828/766
f 531/827/765 530/828/766 554/829/767
f 554/829/767 530/828/766 553/830/768
f 554/829/767 553/830/768 1152/831/769
f 1152/831/769 553/830/768 1151/832/770
f 1152/831/769 1151/832/770 1175/833/771
f 1175/833/771 1151/832/770 1174/834/772
f 1175/833/771 1174/834/772 1198/835/773
f 1198/835/773 1174/834/772 1197/836/774
f 1198/835/773 1197/836/774 1221/837/775
f 1221/837/775 1197/836/774 1220/838/776
f 1221/837/775 1220/838/776 431/839/777
f 431/839/777 1220/838/776 432/840/778
f 431/839/777 432/840/778 462/841/779
f 462/841/779 432/840/778 461/842/780
f 462/841/779 461/842/780 485/843/781
f 485/843/781 461/842/780 484/844/782
f 485/843/781 484/844/782 1244/845/783
f 1244/845/783 484/844/782 1243/846/784
f 1244/845/783 1243/846/784 1267/847/785
f 1267/847/785 1243/846/784 1266/848/786
f 1267/847/785 1266/848/786 1290/849/787
f 1290/849/787 1266/848/786 1289/850/788
f 1290/849/787 1289/850/788 1313/851/789
f 1313/851/789 1289/850/788 1312/852/790
f 1313/851/789 1312/852/790 408/853/791
f 408/853/791 1312/852/790 409/854/792
f 408/853/791 409/854/792 315/855/709
f 315/855/709 409/854/792 371/856/710
f 315/855/709 372/857/793 408/853/791
f 408/853/791 372/857/793 407/858/794
f 408/853/791 407/858/794 1313/851/789
f 1313/851/789 407/858/794 1314/859/795
f 1313/851/789 1314/859/795 1290/849/787
f 1290/849/787 1314/859/795 1291/860/796
f 1290/849/787 1291/860/796 1267/847/785
f 1267/847/785 1291/860/796 1268/861/797
f 1267/847/785 1268/861/797 1244/845/783
f 1244/845/783 1268/861/797 1245/862/798
f 1244/845/783 1245/862/798 485/843/781
f 485/843/781 1245/862/798 486/863/799
f 485/843/781 486/863/799 462/841/779
f 462/841/779 486/863/799 463/864/800
f 462/841/779 463/864/800 431/839/777
f 431/839/777 463/864/800 430/865/801
f 431/839/777 430/865/801 1221/837/775
f 1221/837/775 430/865/801 1222/866/802
f 1221/837/775 1222/866/802 1198/835/773
f 1198/835/773 1222/866/802 1199/867/803
f 1198/835/773 1199/867/803 1175/833/771
f 1175/833/771 1199/867/803 1176/868/804
f 1175/833/771 1176/868/804 1152/831/769
f 1152/831/769 1176/868/804 1153/869/805
f 1152/831/769 1153/869/805 554/829/767
f 554/829/767 1153/869/805 555/870/806
f 554/829/767 555/870/806 531/827/765
f 531/827/765 555/870/806 532/871/807
f 531/827/765 532/871/807 500/825/763
f 500/825/763 532/871/807 499/872/808
f 500/825/763 499/872/808 1129/823/761
f 1129/823/761 499/872/808 1130/873/809
f 1129/823/761 1130/873/809 1106/821/759
f 1106/821/759 1130/873/809 1107/874/810
f 1106/821/759 1107/874/810 1083/819/757
f 1083/819/757 1107/874/810 1084/875/811
f 1083/819/757 1084/875/811 1060/817/755
f 1060/817/755 1084/875/811 1061/876/812
f 1060/817/755 1061/876/812 623/815/753
f 623/815/753 1061/876/812 624/877/813
f 623/815/753 624/877/813 600/813/751
f 600/813/751 624/877/813 601/878/814
f 600/813/751 601/878/814 569/811/749
f 569/811/749 601/878/814 568/879/815
f 569/811/749 568/879/815 1037/809/747
f 1037/809/747 568/879/815 1038/880/816
f 1037/809/747 1038/880/816 1014/807/745
f 1014/807/745 1038/880/816 1015/881/817
f 1014/807/745 1015/881/817 991/805/743
f 991/805/743 1015/881/817 992/882/818
f 991/805/743 992/882/818 968/803/741
f 968/803/741 992/882/818 969/883/819
f 968/803/741 969/883/819 692/801/739
f 692/801/739 969/883/819 693/884/820
f 692/801/739 693/884/820 669/799/737
f 669/799/737 693/884/820 670/885/821
f 669/799/737 670/885/821 638/797/735
f 638/797/735 670/885/821 637/886/822
f 638/797/735 637/886/822 945/795/733
f 945/795/733 637/886/822 946/887/823
f 945/795/733 946/887/823 922/793/731
f 922/793/731 946/887/823 923/888/824
f 922/793/731 923/888/824 899/791/729
f 899/791/729 923/888/824 900/889/825
f 899/791/729 900/889/825 876/789/727
f 876/789/727 900/889/825 877/890/826
f 876/789/727 877/890/826 761/787/725
f 761/787/725 877/890/826 762/891/827
f 761/787/725 762/891/827 738/785/723
f 738/785/723 762/891/827 739/892/828
f 738/785/723 739/892/828 707/783/721
f 707/783/721 739/892/828 706/893/829
f 707/783/721 706/893/829 853/781/719
f 853/781/719 706/893/829 854/894/830
f 853/781/719 854/894/830 830/779/717
f 830/779/717 854/894/830 831/895/831
f 830/779/717 831/895/831 807/777/715
f 807/777/715 831/895/831 808/896/832
f 807/777/715 808/896/832 784/775/713
f 784/775/713 808/896/832 785/897/833
f 784/775/713 785/897/833 393/773/711
f 393/773/711 785/897/833 394/898/834
f 393/773/711 394/898/834 315/771/709
f 315/771/709 394/898/834 372/899/793
f 316/900/835 368/901/836 389/902/837
f 389/902/837 368/901/836 388/903/838
f 389/902/837 388/903/838 780/904/839
f 780/904/839 388/903/838 779/905/840
f 780/904/839 779/905/840 803/906/841
f 803/906/841 779/905/840 802/907/842
f 803/906/841 802/907/842 826/908/843
f 826/908/843 802/907/842 825/909/844
f 826/908/843 825/909/844 849/910/845
f 849/910/845 825/909/844 848/911/846
f 849/910/845 848/911/846 711/912/847
f 711/912/847 848/911/846 712/913/848
f 711/912/847 712/913/848 734/914/849
f 734/914/849 712/913/848 733/915/850
f 734/914/849 733/915/850 757/916/851
f 757/916/851 733/915/850 756/917/852
f 757/916/851 756/917/852 872/918/853
f 872/918/853 756/917/852 871/919/854
f 872/918/853 871/919/854 895/920/855
f 895/920/855 871/919/854 894/921/856
f 895/920/855 894/921/856 918/922/857
f 918/922/857 894/921/856 917/923/858
f 918/922/857 917/923/858 941/924/859
f 941/924/859 917/923/858 940/925/860
f 941/924/859 940/925/860 642/926/861
f 642/926/861 940/925/860 643/927/862
f 642/926/861 643/927/862 665/928/863
f 665/928/863 643/927/862 664/929/864
f 665/928/863 664/929/864 688/930/865
f 688/930/865 664/929/864 687/931/866
f 688/930/865 687/931/866 964/932/867
f 964/932/867 687/931/866 963/933/868
f 964/932/867 963/933/868 987/934/869
f 987/934/869 963/933/868 986/935/870
f 987/934/869 986/935/870 1010/936/871
f 1010/936/871 986/935/870 1009/937/872
f 1010/936/871 1009/937/872 1033/938/873
f 1033/938/873 1009/937/872 1032/939/874
f 1033/938/873 1032/939/874 573/940/875
f 573/940/875 1032/939/874 574/941/876
f 573/940/875 574/941/876 596/942/877
f 596/942/877 574/941/876 595/943/878
f 596/942/877 595/943/878 619/944/879
f 619/944/879 595/943/878 618/945/880
f 619/944/879 618/945/880 1056/946/881
f 1056/946/881 618/945/880 1055/947/882
f 1056/946/881 1055/947/882 1079/948/883
f 1079/948/883 1055/947/882 1078/949/884
f 1079/948/883 1078/949/884 1102/950/885
f 1102/950/885 1078/949/884 1101/951/886
f 1102/950/885 1101/951/886 1125/952/887
f 1125/952/887 1101/951/886 1124/953/888
f 1125/952/887 1124/953/888 504/954/889
f 504/954/889 1124/953/888 505/955/890
f 504/954/889 505/955/890 527/956/891
f 527/956/891 505/955/890 526/957/892
f 527/956/891 526/957/892 550/958/893
f 550/958/893 526/957/892 549/959/894
f 550/958/893 549/959/894 1148/960/895
f 1148/960/895 549/959/894 1147/961/896
f 1148/960/895 1147/961/896 1171/962/897
f 1171/962/897 1147/961/896 1170/963/898
f 1171/962/897 1170/963/898 1194/964/899
f 1194/964/899 1170/963/898 1193/965/900
f 1194/964/899 1193/965/900 1217/966/901
f 1217/966/901 1193/965/900 1216/967/902
f 1217/966/901 1216/967/902 435/968/903
f 435/968/903 1216/967/902 436/969/904
f 435/968/903 436/969/904 458/970/905
f 458/970/905 436/969/904 457/971/906
f 458/970/905 457/971/906 481/972/907
f 481/972/907 457/971/906 480/973/908
f 481/972/907 480/973/908 1240/974/909
f 1240/974/909 480/973/908 1239/975/910
f 1240/974/909 1239/975/910 1263/976/911
f 1263/976/911 1239/975/910 1262/977/912
f 1263/976/911 1262/977/912 1286/978/913
f 1286/978/913 1262/977/912 1285/979/914
f 1286/978/913 1285/979/914 1309/980/915
f 1309/980/915 1285/979/914 1308/981/916
f 1309/980/915 1308/981/916 412/982/917
f 412/982/917 1308/981/916 413/983/918
f 412/982/917 413/983/918 316/984/835
f 316/984/835 413/983/918 368/985/836
f 316/984/835 369/986/919 412/982/917
f 412/982/917 369/986/919 411/987/920
f 412/982/917 411/987/920 1309/980/915
f 1309/980/915 411/987/920 1310/988/921
f 1309/980/915 1310/988/921 1286/978/913
f 1286/978/913 1310/988/921 1287/989/922
f 1286/978/913 1287/989/922 1263/976/911
f 1263/976/911 1287/989/922 1264/990/923
f 1263/976/911 1264/990/923 1240/974/909
f 1240/974/909 1264/990/923 1241/991/924
f 1240/974/909 1241/991/924 481/972/907
f 481/972/907 1241/991/924 482/992/925
f 481/972/907 482/992/925 458/970/905
f 458/970/905 482/992/925 459/993/926
f 458/970/905 459/993/926 435/968/903
f 435/968/903 459/993/926 434/994/927
f 435/968/903 434/994/927 1217/966/901
f 1217/966/901 434/994/927 1218/995/928
f 1217/966/901 1218/995/928 1194/964/899
f 1194/964/899 1218/995/928 1195/996/929
f 1194/964/899 1195/996/929 1171/962/897
f 1171/962/897 1195/996/929 1172/997/930
f 1171/962/897 1172/997/930 1148/960/895
f 1148/960/895 1172/997/930 1149/998/931
f 1148/960/895 1149/998/931 550/958/893
f 550/958/893 1149/998/931 551/999/932
f 550/958/893 551/999/932 527/956/891
f 527/956/891 551/999/932 528/1000/933
f 527/956/891 528/1000/933 504/954/889
f 504/954/889 528/1000/933 503/1001/934
f 504/954/889 503/1001/934 1125/952/887
f 1125/952/887 503/1001/934 1126/1002/935
f 1125/952/887 1126/1002/935 1102/950/885
f 1102/950/885 1126/1002/935 1103/1003/936
f 1102/950/885 1103/1003/936 1079/948/883
f 1079/948/883 1103/1003/936 1080/1004/937
f 1079/948/883 1080/1004/937 1056/946/881
f 1056/946/881 1080/1004/937 1057/1005/938
f 1056/946/881 1057/1005/938 619/944/879
f 619/944/879 1057/1005/938 620/1006/939
f 619/944/879 620/1006/939 596/942/877
f 596/942/877 620/1006/939 597/1007/940
f 596/942/877 597/1007/940 573/940/875
f 573/940/875 597/1007/940 572/1008/941
f 573/940/875 572/1008/941 1033/938/873
f 1033/938/873 572/1008/941 1034/1009/942
f 1033/938/873 1034/1009/942 1010/936/871
f 1010/936/871 1034/1009/942 1011/1010/943
f 1010/936/871 1011/1010/943 987/934/869
f 987/934/869 1011/1010/943 988/1011/944
f 987/934/869 988/1011/944 964/932/867
f 964/932/867 988/1011/944 965/1012/945
f 964/932/867 965/1012/945 688/930/865
f 688/930/865 965/1012/945 689/1013/946
f 688/930/865 689/1013/946 665/928/863
f 665/928/863 689/1013/946 666/1014/947
f 665/928/863 666/1014/947 642/926/861
f 642/926/861 666/1014/947 641/1015/948
f 642/926/861 641/1015/948 941/924/859
f 941/924/859 641/1015/948 942/1016/949
f 941/924/859 942/1016/949 918/922/857
f 918/922/857 942/1016/949 919/1017/950
f 918/922/857 919/1017/950 895/920/855
f 895/920/855 919/1017/950 896/1018/951
f 895/920/855 896/1018/951 872/918/853
f 872/918/853 896/1018/951 873/1019/952
f 872/918/853 873/1019/952 757/916/851
f 757/916/851 873/1019/952 758/1020/953
f 757/916/851 758/1020/953 734/914/849
f 734/914/849 758/1020/953 735/1021/954
f 734/914/849 735/1021/954 711/912/847
f 711/912/847 735/1021/954 710/1022/955
f 711/912/847 710/1022/955 849/910/845
f 849/910/845 710/1022/955 850/1023/956
f 849/910/845 850/1023/956 826/908/843
f 826/908/843 850/1023/956 827/1024/957
f 826/908/843 827/1024/957 803/906/841
f 803/906/841 827/1024/957 804/1025/958
f 803/906/841 804/1025/958 780/904/839
f 780/904/839 804/1025/958 781/1026/959
f 780/904/839 781/1026/959 389/902/837
f 389/902/837 781/1026/959 390/1027/960
f 389/902/837 390/1027/960 316/900/835
f 316/900/835 390/1027/960 369/1028/919
f 317/1029/961 365/1030/962 385/1031/963
f 385/1031/963 365/1030/962 384/1032/964
f 385/1031/963 384/1032/964 776/1033/965
f 776/1033/965 384/1032/964 775/1034/966
f 776/1033/965 775/1034/966 799/1035/967
f 799/1035/967 775/1034/966 798/1036/968
f 799/1035/967 798/1036/968 822/1037/969
f 822/1037/969 798/1036/968 821/1038/970
f 822/1037/969 821/1038/970 845/1039/971
f 845/1039/971 821/1038/970 844/1040/972
f 845/1039/971 844/1040/972 715/1041/973
f 715/1041/973 844/1040/972 716/1042/974
f 715/1041/973 716/1042/974 730/1043/975
f 730/1043/975 716/1042/974 729/1044/976
f 730/1043/975 729/1044/976 753/1045/977
f 753/1045/977 729/1044/976 752/1046/978
f 753/1045/977 752/1046/978 868/1047/979
f 868/1047/979 752/1046/978 867/1048/980
f 868/1047/979 867/1048/980 891/1049/981
f 891/1049/981 867/1048/980 890/1050/982
f 891/1049/981 890/1050/982 914/1051/983
f 914/1051/983 890/1050/982 913/1052/984
f 914/1051/983 913/1052/984 937/1053/985
f 937/1053/985 913/1052/984 936/1054/986
f 937/1053/985 936/1054/986 646/1055/987
f 646/1055/987 936/1054/986 647/1056/988
f 646/1055/987 647/1056/988 661/1057/989
f 661/1057/989 647/1056/988 660/1058/990
f 661/1057/989 660/1058/990 684/1059/991
f 684/1059/991 660/1058/990 683/1060/992
f 684/1059/991 683/1060/992 960/1061/993
f 960/1061/993 683/1060/992 959/1062/994
f 960/1061/993 959/1062/994 983/1063/995
f 983/1063/995 959/1062/994 982/1064/996
f 983/1063/995 982/1064/996 1006/1065/997
f 1006/1065/997 982/1064/996 1005/1066/998
f 1006/1065/997 1005/1066/998 1029/1067/999
f 1029/1067/999 1005/1066/998 1028/1068/1000
f 1029/1067/999 1028/1068/1000 577/1069/1001
f 577/1069/1001 1028/1068/1000 578/1070/1002
f 577/1069/1001 578/1070/1002 592/1071/1003
f 592/1071/1003 578/1070/1002 591/1072/1004
f 592/1071/1003 591/1072/1004 615/1073/1005
f 615/1073/1005 591/1072/1004 614/1074/1006
f 615/1073/1005 614/1074/1006 1052/1075/1007
f 1052/1075/1007 614/1074/1006 1051/1076/1008
f 1052/1075/1007 1051/1076/1008 1075/1077/1009
f 1075/1077/1009 1051/1076/1008 1074/1078/1010
f 1075/1077/1009 1074/1078/1010 1098/1079/1011
f 1098/1079/1011 1074/1078/1010 1097/1080/1012
f 1098/1079/1011 1097/1080/1012 1121/1081/1013
f 1121/1081/1013 1097/1080/1012 1120/1082/1014
f 1121/1081/1013 1120/1082/1014 508/1083/1015
f 508/1083/1015 1120/1082/1014 509/1084/1016
f 508/1083/1015 509/1084/1016 523/1085/1017
f 523/1085/1017 509/1084/1016 522/1086/1018
f 523/1085/1017 522/1086/1018 546/1087/1019
f 546/1087/1019 522/1086/1018 545/1088/1020
f 546/1087/1019 545/1088/1020 1144/1089/1021
f 1144/1089/1021 545/1088/1020 1143/1090/1022
f 1144/1089/1021 1143/1090/1022 1167/1091/1023
f 1167/1091/1023 1143/1090/1022 1166/1092/1024
f 1167/1091/1023 1166/1092/1024 1190/1093/1025
f 1190/1093/1025 1166/1092/1024 1189/1094/1026
f 1190/1093/1025 1189/1094/1026 1213/1095/1027
f 1213/1095/1027 1189/1094/1026 1212/1096/1028
f 1213/1095/1027 1212/1096/1028 439/1097/1029
f 439/1097/1029 1212/1096/1028 440/1098/1030
f 439/1097/1029 440/1098/1030 454/1099/1031
f 454/1099/1031 440/1098/1030 453/1100/1032
f 454/1099/1031 453/1100/1032 477/1101/1033
f 477/1101/1033 453/1100/1032 476/1102/1034
f 477/1101/1033 476/1102/1034 1236/1103/1035
f 1236/1103/1035 476/1102/1034 1235/1104/1036
f 1236/1103/1035 1235/1104/1036 1259/1105/1037
f 1259/1105/1037 1235/1104/1036 1258/1106/1038
f 1259/1105/1037 1258/1106/1038 1282/1107/1039
f 1282/1107/1039 1258/1106/1038 1281/1108/1040
f 1282/1107/1039 1281/1108/1040 1305/1109/1041
f 1305/1109/1041 1281/1108/1040 1304/1110/1042
f 1305/1109/1041 1304/1110/1042 416/1111/1043
f 416/1111/1043 1304/1110/1042 417/1112/1044
f 416/1111/1043 417/1112/1044 317/1113/961
f 317/1113/961 417/1112/1044 365/1114/962
f 317/1113/961 366/1115/1045 416/1111/1043
f 416/1111/1043 366/1115/1045 415/1116/1046
f 416/1111/1043 415/1116/1046 1305/1109/1041
f 1305/1109/1041 415/1116/1046 1306/1117/1047
f 1305/1109/1041 1306/1117/1047 1282/1107/1039
f 1282/1107/1039 1306/1117/1047 1283/1118/1048
f 1282/1107/1039 1283/1118/1048 1259/1105/1037
f 1259/1105/1037 1283/1118/1048 1260/1119/1049
f 1259/1105/1037 1260/1119/1049 1236/1103/1035
f 1236/1103/1035 1260/1119/1049 1237/1120/1050
f 1236/1103/1035 1237/1120/1050 477/1101/1033
f 477/1101/1033 1237/1120/1050 478/1121/1051
f 477/1101/1033 478/1121/1051 454/1099/1031
f 454/1099/1031 478/1121/1051 455/1122/1052
f 454/1099/1031 455/1122/1052 439/1097/1029
f 439/1097/1029 455/1122/1052 438/1123/1053
f 439/1097/1029 438/1123/1053 1213/1095/1027
f 1213/1095/1027 438/1123/1053 1214/1124/1054
f 1213/1095/1027 1214/1124/1054 1190/1093/1025
f 1190/1093/1025 1214/1124/1054 1191/1125/1055
f 1190/1093/1025 1191/1125/1055 1167/1091/1023
f 1167/1091/1023 1191/1125/1055 1168/1126/1056
f 1167/1091/1023 1168/1126/1056 1144/1089/1021
f 1144/1089/1021 1168/1126/1056 1145/1127/1057
f 1144/1089/1021 1145/1127/1057 546/1087/1019
f 546/1087/1019 1145/1127/1057 547/1128/1058
f 546/1087/1019 547/1128/1058 523/1085/1017
f 523/1085/1017 547/1128/1058 524/1129/1059
f 523/1085/1017 524/1129/1059 508/1083/1015
f 508/1083/1015 524/1129/1059 507/1130/1060
f 508/1083/1015 507/1130/1060 1121/1081/1013
f 1121/1081/1013 507/1130/1060 1122/1131/1061
f 1121/1081/1013 1122/1131/1061 1098/1079/1011
f 1098/1079/1011 1122/1131/1061 1099/1132/1062
f 1098/1079/1011 1099/1132/1062 1075/1077/1009
f 1075/1077/1009 1099/1132/1062 1076/1133/1063
f 1075/1077/1009 1076/1133/1063 1052/1075/1007
f 1052/1075/1007 1076/1133/1063 1053/1134/1064
f 1052/1075/1007 1053/1134/1064 615/1073/1005
f 615/1073/1005 1053/1134/1064 616/1135/1065
f 615/1073/1005 616/1135/1065 592/1071/1003
f 592/1071/1003 616/1135/1065 593/1136/1066
f 592/1071/1003 593/1136/1066 577/1069/1001
f 577/1069/1001 593/1136/1066 576/1137/1067
f 577/1069/1001 576/1137/1067 1029/1067/999
f 1029/1067/999 576/1137/1067 1030/1138/1068
f 1029/1067/999 1030/1138/1068 1006/1065/997
f 1006/1065/997 1030/1138/1068 1007/1139/1069
f 1006/1065/997 1007/1139/1069 983/1063/995
f 983/1063/995 1007/1139/1069 984/1140/1070
f 983/1063/995 984/1140/1070 960/1061/993
f 960/1061/993 984/1140/1070 961/1141/1071
f 960/1061/993 961/1141/1071 684/1059/991
f 684/1059/991 961/1141/1071 685/1142/1072
f 684/1059/991 685/1142/1072 661/1057/989
f 661/1057/989 685/1142/1072 662/1143/1073
f 661/1057/989 662/1143/1073 646/1055/987
f 646/1055/987 662/1143/1073 645/1144/1074
f 646/1055/987 645/1144/1074 937/1053/985
f 937/1053/985 645/1144/1074 938/1145/1075
f 937/1053/985 938/1145/1075 914/1051/983
f 914/1051/983 938/1145/1075 915/1146/1076
f 914/1051/983 915/1146/1076 891/1049/981
f 891/1049/981 915/1146/1076 892/1147/1077
f 891/1049/981 892/1147/1077 868/1047/979
f 868/1047/979 892/1147/1077 869/1148/1078
f 868/1047/979 869/1148/1078 753/1045/977
f 753/1045/977 869/1148/1078 754/1149/1079
f 753/1045/977 754/1149/1079 730/1043/975
f 730/1043/975 754/1149/1079 731/1150/1080
f 730/1043/975 731/1150/1080 715/1041/973
f 715/1041/973 731/1150/1080 714/1151/1081
f 715/1041/973 714/1151/1081 845/1039/971
f 845/1039/971 714/1151/1081 846/1152/1082
f 845/1039/971 846/1152/1082 822/1037/969
f 822/1037/969 846/1152/1082 823/1153/1083
f 822/1037/969 823/1153/1083 799/1035/967
f 799/1035/967 823/1153/1083 800/1154/1084
f 799/1035/967 800/1154/1084 776/1033/965
f 776/1033/965 800/1154/1084 777/1155/1085
f 776/1033/965 777/1155/1085 385/1031/963
f 385/1031/963 777/1155/1085 386/1156/1086
f 385/1031/963 386/1156/1086 317/1029/961
f 317/1029/961 386/1156/1086 366/1157/1045
f 318/1158/1087 362/1159/1088 381/1160/1089
f 381/1160/1089 362/1159/1088 380/1161/1090
f 381/1160/1089 380/1161/1090 772/1162/1091
f 772/1162/1091 380/1161/1090 771/1163/1092
f 772/1162/1091 771/1163/1092 795/1164/1093
f 795/1164/1093 771/1163/1092 794/1165/1094
f 795/1164/1093 794/1165/1094 818/1166/1095
f 818/1166/1095 794/1165/1094 817/1167/1096
f 818/1166/1095 817/1167/1096 841/1168/1097
f 841/1168/1097 817/1167/1096 840/1169/1098
f 841/1168/1097 840/1169/1098 719/1170/1099
f 719/1170/1099 840/1169/1098 720/1171/1100
f 719/1170/1099 720/1171/1100 726/1172/1101
f 726/1172/1101 720/1171/1100 725/1173/1102
f 726/1172/1101 725/1173/1102 749/1174/1103
f 749/1174/1103 725/1173/1102 748/1175/1104
f 749/1174/1103 748/1175/1104 864/1176/1105
f 864/1176/1105 748/1175/1104 863/1177/1106
f 864/1176/1105 863/1177/1106 887/1178/1107
f 887/1178/1107 863/1177/1106 886/1179/1108
f 887/1178/1107 886/1179/1108 910/1180/1109
f 910/1180/1109 886/1179/1108 909/1181/1110
f 910/1180/1109 909/1181/1110 933/1182/1111
f 933/1182/1111 909/1181/1110 932/1183/1112
f 933/1182/1111 932/1183/1112 650/1184/1113
f 650/1184/1113 932/1183/1112 651/1185/1114
f 650/1184/1113 651/1185/1114 657/1186/1115
f 657/1186/1115 651/1185/1114 656/1187/1116
f 657/1186/1115 656/1187/1116 680/1188/1117
f 680/1188/1117 656/1187/1116 679/1189/1118
f 680/1188/1117 679/1189/1118 956/1190/1119
f 956/1190/1119 679/1189/1118 955/1191/1120
f 956/1190/1119 955/1191/1120 979/1192/1121
f 979/1192/1121 955/1191/1120 978/1193/1122
f 979/1192/1121 978/1193/1122 1002/1194/1123
f 1002/1194/1123 978/1193/1122 1001/1195/1124
f 1002/1194/1123 1001/1195/1124 1025/1196/1125
f 1025/1196/1125 1001/1195/1124 1024/1197/1126
f 1025/1196/1125 1024/1197/1126 581/1198/1127
f 581/1198/1127 1024/1197/1126 582/1199/1128
f 581/1198/1127 582/1199/1128 588/1200/1129
f 588/1200/1129 582/1199/1128 587/1201/1130
f 588/1200/1129 587/1201/1130 611/1202/1131
f 611/1202/1131 587/1201/1130 610/1203/1132
f 611/1202/1131 610/1203/1132 1048/1204/1133
f 1048/1204/1133 610/1203/1132 1047/1205/1134
f 1048/1204/1133 1047/1205/1134 1071/1206/1135
f 1071/1206/1135 1047/1205/1134 1070/1207/1136
f 1071/1206/1135 1070/1207/1136 1094/1208/1137
f 1094/1208/1137 1070/1207/1136 1093/1209/1138
f 1094/1208/1137 1093/1209/1138 1117/1210/1139
f 1117/1210/1139 1093/1209/1138 1116/1211/1140
f 1117/1210/1139 1116/1211/1140 512/1212/1141
f 512/1212/1141 1116/1211/1140 513/1213/1142
f 512/1212/1141 513/1213/1142 519/1214/1143
f 519/1214/1143 513/1213/1142 518/1215/1144
f 519/1214/1143 518/1215/1144 542/1216/1145
f 542/1216/1145 518/1215/1144 541/1217/1146
f 542/1216/1145 541/1217/1146 1140/1218/1147
f 1140/1218/1147 541/1217/1146 1139/1219/1148
f 1140/1218/1147 1139/1219/1148 1163/1220/1149
f 1163/1220/1149 1139/1219/1148 1162/1221/1150
f 1163/1220/1149 1162/1221/1150 1186/1222/1151
f 1186/1222/1151 1162/1221/1150 1185/1223/1152
f 1186/1222/1151 1185/1223/1152 1209/1224/1153
f 1209/1224/1153 1185/1223/1152 1208/1225/1154
f 1209/1224/1153 1208/1225/1154 443/1226/1155
f 443/1226/1155 1208/1225/1154 444/1227/1156
f 443/1226/1155 444/1227/1156 450/1228/1157
f 450/1228/1157 444/1227/1156 449/1229/1158
f 450/1228/1157 449/1229/1158 473/1230/1159
f 473/1230/1159 449/1229/1158 472/1231/1160
f 473/1230/1159 472/1231/1160 1232/1232/1161
f 1232/1232/1161 472/1231/1160 1231/1233/1162
f 1232/1232/1161 1231/1233/1162 1255/1234/1163
f 1255/1234/1163 1231/1233/1162 1254/1235/1164
f 1255/1234/1163 1254/1235/1164 1278/1236/1165
f 1278/1236/1165 1254/1235/1164 1277/1237/1166
f 1278/1236/1165 1277/1237/1166 1301/1238/1167
f 1301/1238/1167 1277/1237/1166 1300/1239/1168
f 1301/1238/1167 1300/1239/1168 420/1240/1169
f 420/1240/1169 1300/1239/1168 421/1241/1170
f 420/1240/1169 421/1241/1170 318/1242/1087
f 318/1242/1087 421/1241/1170 362/1243/1088
f 318/1242/1087 363/1244/1171 420/1240/1169
f 420/1240/1169 363/1244/1171 419/1245/1172
f 420/1240/1169 419/1245/1172 1301/1238/1167
f 1301/1238/1167 419/1245/1172 1302/1246/1173
f 1301/1238/1167 1302/1246/1173 1278/1236/1165
f 1278/1236/1165 1302/1246/1173 1279/1247/1174
f 1278/1236/1165 1279/1247/1174 1255/1234/1163
f 1255/1234/1163 1279/1247/1174 1256/1248/1175
f 1255/1234/1163 1256/1248/1175 1232/1232/1161
f 1232/1232/1161 1256/1248/1175 1233/1249/1176
f 1232/1232/1161 1233/1249/1176 473/1230/1159
f 473/1230/1159 1233/1249/1176 474/1250/1177
f 473/1230/1159 474/1250/1177 450/1228/1157
f 450/1228/1157 474/1250/1177 451/1251/1178
f 450/1228/1157 451/1251/1178 443/1226/1155
f 443/1226/1155 451/1251/1178 442/1252/1179
f 443/1226/1155 442/1252/1179 1209/1224/1153
f 1209/1224/1153 442/1252/1179 1210/1253/1180
f 1209/1224/1153 1210/1253/1180 1186/1222/1151
f 1186/1222/1151 1210/1253/1180 1187/1254/1181
f 1186/1222/1151 1187/1254/1181 1163/1220/1149
f 1163/1220/1149 1187/1254/1181 1164/1255/1182
f 1163/1220/1149 1164/1255/1182 1140/1218/1147
f 1140/1218/1147 1164/1255/1182 1141/1256/1183
f 1140/1218/1147 1141/1256/1183 542/1216/1145
f 542/1216/1145 1141/1256/1183 543/1257/1184
f 542/1216/1145 543/1257/1184 519/1214/1143
f 519/1214/1143 543/1257/1184 520/1258/1185
f 519/1214/1143 520/1258/1185 512/1212/1141
f 512/1212/1141 520/1258/1185 511/1259/1186
f 512/1212/1141 511/1259/1186 1117/1210/1139
f 1117/1210/1139 511/1259/1186 1118/1260/1187
f 1117/1210/1139 1118/1260/1187 1094/1208/1137
f 1094/1208/1137 1118/1260/1187 1095/1261/1188
f 1094/1208/1137 1095/1261/1188 1071/1206/1135
f 1071/1206/1135 1095/1261/1188 1072/1262/1189
f 1071/1206/1135 1072/1262/1189 1048/1204/1133
f 1048/1204/1133 1072/1262/1189 1049/1263/1190
f 1048/1204/1133 1049/1263/1190 611/1202/1131
f 611/1202/1131 1049/1263/1190 612/1264/1191
f 611/1202/1131 612/1264/1191 588/1200/1129
f 588/1200/1129 612/1264/1191 589/1265/1192
f 588/1200/1129 589/1265/1192 581/1198/1127
f 581/1198/1127 589/1265/1192 580/1266/1193
f 581/1198/1127 580/1266/1193 1025/1196/1125
f 1025/1196/1125 580/1266/1193 1026/1267/1194
f 1025/1196/1125 1026/1267/1194 1002/1194/1123
f 1002/1194/1123 1026/1267/1194 1003/1268/1195
f 1002/1194/1123 1003/1268/1195 979/1192/1121
f 979/1192/1121 1003/1268/1195 980/1269/1196
f 979/1192/1121 980/1269/1196 956/1190/1119
f 956/1190/1119 980/1269/1196 957/1270/1197
f 956/1190/1119 957/1270/1197 680/1188/1117
f 680/1188/1117 957/1270/1197 681/1271/1198
f 680/1188/1117 681/1271/1198 657/1186/1115
f 657/1186/1115 681/1271/1198 658/1272/1199
f 657/1186/1115 658/1272/1199 650/1184/1113
f 650/1184/1113 658/1272/1199 649/1273/1200
f 650/1184/1113 649/1273/1200 933/1182/1111
f 933/1182/1111 649/1273/1200 934/1274/1201
f 933/1182/1111 934/1274/1201 910/1180/1109
f 910/1180/1109 934/1274/1201 911/1275/1202
f 910/1180/1109 911/1275/1202 887/1178/1107
f 887/1178/1107 911/1275/1202 888/1276/1203
f 887/1178/1107 888/1276/1203 864/1176/1105
f 864/1176/1105 888/1276/1203 865/1277/1204
f 864/1176/1105 865/1277/1204 749/1174/1103
f 749/1174/1103 865/1277/1204 750/1278/1205
f 749/1174/1103 750/1278/1205 726/1172/1101
f 726/1172/1101 750/1278/1205 727/1279/1206
f 726/1172/1101 727/1279/1206 719/1170/1099
f 719/1170/1099 727/1279/1206 718/1280/1207
f 719/1170/1099 718/1280/1207 841/1168/1097
f 841/1168/1097 718/1280/1207 842/1281/1208
f 841/1168/1097 842/1281/1208 818/1166/1095
f 818/1166/1095 842/1281/1208 819/1282/1209
f 818/1166/1095 819/1282/1209 795/1164/1093
f 795/1164/1093 819/1282/1209 796/1283/1210
f 795/1164/1093 796/1283/1210 772/1162/1091
f 772/1162/1091 796/1283/1210 773/1284/1211
f 772/1162/1091 773/1284/1211 381/1160/1089
f 381/1160/1089 773/1284/1211 382/1285/1212
f 381/1160/1089 382/1285/1212 318/1158/1087
f 318/1158/1087 382/1285/1212 363/1286/1171
f 360/557/541 361/1287/1213 423/559/542
f 423/559/542 361/1287/1213 422/1288/1214
f 423/559/542 422/1288/1214 1298/561/543
f 1298/561/543 422/1288/1214 1299/1289/1215
f 1298/561/543 1299/1289/1215 1275/563/544
f 1275/563/544 1299/1289/1215 1276/1290/1216
f 1275/563/544 1276/1290/1216 1252/565/545
f 1252/565/545 1276/1290/1216 1253/1291/1217
f 1252/565/545 1253/1291/1217 1229/567/546
f 1229/567/546 1253/1291/1217 1230/1292/1218
f 1229/567/546 1230/1292/1218 470/569/547
f 470/569/547 1230/1292/1218 471/1293/1219
f 470/569/547 471/1293/1219 447/571/548
f 447/571/548 471/1293/1219 448/1294/1220
f 447/571/548 448/1294/1220 446/573/549
f 446/573/549 448/1294/1220 445/1295/1221
f 446/573/549 445/1295/1221 1206/575/550
f 1206/575/550 445/1295/1221 1207/1296/1222
f 1206/575/550 1207/1296/1222 1183/577/551
f 1183/577/551 1207/1296/1222 1184/1297/1223
f 1183/577/551 1184/1297/1223 1160/579/552
f 1160/579/552 1184/1297/1223 1161/1298/1224
f 1160/579/552 1161/1298/1224 1137/581/553
f 1137/581/553 1161/1298/1224 1138/1299/1225
f 1137/581/553 1138/1299/1225 539/583/554
f 539/583/554 1138/1299/1225 540/1300/1226
f 539/583/554 540/1300/1226 516/585/555
f 516/585/555 540/1300/1226 517/1301/1227
f 516/585/555 517/1301/1227 515/587/556
f 515/587/556 517/1301/1227 514/1302/1228
f 515/587/556 514/1302/1228 1114/589/557
f 1114/589/557 514/1302/1228 1115/1303/1229
f 1114/589/557 1115/1303/1229 1091/591/558
f 1091/591/558 1115/1303/1229 1092/1304/1230
f 1091/591/558 1092/1304/1230 1068/593/559
f 1068/593/559 1092/1304/1230 1069/1305/1231
f 1068/593/559 1069/1305/1231 1045/595/560
f 1045/595/560 1069/1305/1231 1046/1306/1232
f 1045/595/560 1046/1306/1232 608/597/561
f 608/597/561 1046/1306/1232 609/1307/1233
f 608/597/561 609/1307/1233 585/599/562
f 585/599/562 609/1307/1233 586/1308/1234
f 585/599/562 586/1308/1234 584/601/563
f 584/601/563 586/1308/1234 583/1309/1235
f 584/601/563 583/1309/1235 1022/603/564
f 1022/603/564 583/1309/1235 1023/1310/1236
f 1022/603/564 1023/1310/1236 999/605/565
f 999/605/565 1023/1310/1236 1000/1311/1237
f 999/605/565 1000/1311/1237 976/607/566
f 976/607/566 1000/1311/1237 977/1312/1238
f 976/607/566 977/1312/1238 953/609/567
f 953/609/567 977/1312/1238 954/1313/1239
f 953/609/567 954/1313/1239 677/611/568
f 677/611/568 954/1313/1239 678/1314/1240
f 677/611/568 678/1314/1240 654/613/569
f 654/613/569 678/1314/1240 655/1315/1241
f 654/613/569 655/1315/1241 653/615/570
f 653/615/570 655/1315/1241 652/1316/1242
f 653/615/570 652/1316/1242 930/617/571
f 930/617/571 652/1316/1242 931/1317/1243
f 930/617/571 931/1317/1243 907/619/572
f 907/619/572 931/1317/1243 908/1318/1244
f 907/619/572 908/1318/1244 884/621/573
f 884/621/573 908/1318/1244 885/1319/1245
f 884/621/573 885/1319/1245 861/623/574
f 861/623/574 885/1319/1245 862/1320/1246
f 861/623/574 862/1320/1246 746/625/575
f 746/625/575 862/1320/1246 747/1321/1247
f 746/625/575 747/1321/1247 723/627/576
f 723/627/576 747/1321/1247 724/1322/1248
f 723/627/576 724/1322/1248 722/629/577
f 722/629/577 724/1322/1248 721/1323/1249
f 722/629/577 721/1323/1249 838/631/578
f 838/631/578 721/1323/1249 839/1324/1250
f 838/631/578 839/1324/1250 815/633/579
f 815/633/579 839/1324/1250 816/1325/1251
f 815/633/579 816/1325/1251 792/635/580
f 792/635/580 816/1325/1251 793/1326/1252
f 792/635/580 793/1326/1252 769/637/581
f 769/637/581 793/1326/1252 770/1327/1253
f 769/637/581 770/1327/1253 378/639/582
f 378/639/582 770/1327/1253 379/1328/1254
f 378/639/582 379/1328/1254 360/641/541
f 360/641/541 379/1328/1254 361/1329/1213
f 361/1287/1213 362/1243/1088 422/1288/1214
f 422/1288/1214 362/1243/1088 421/1241/1170
f 422/1288/1214 421/1241/1170 1299/1289/1215
f 1299/1289/1215 421/1241/1170 1300/1239/1168
f 1299/1289/1215 1300/1239/1168 1276/1290/1216
f 1276/1290/1216 1300/1239/1168 1277/1237/1166
f 1276/1290/1216 1277/1237/1166 1253/1291/1217
f 1253/1291/1217 1277/1237/1166 1254/1235/1164
f 1253/1291/1217 1254/1235/1164 1230/1292/1218
f 1230/1292/1218 1254/1235/1164 1231/1233/1162
f 1230/1292/1218 1231/1233/1162 471/1293/1219
f 471/1293/1219 1231/1233/1162 472/1231/1160
f 471/1293/1219 472/1231/1160 448/1294/1220
f 448/1294/1220 472/1231/1160 449/1229/1158
f 448/1294/1220 449/1229/1158 445/1295/1221
f 445/1295/1221 449/1229/1158 444/1227/1156
f 445/1295/1221 444/1227/1156 1207/1296/1222
f 1207/1296/1222 444/1227/1156 1208/1225/1154
f 1207/1296/1222 1208/1225/1154 1184/1297/1223
f 1184/1297/1223 1208/1225/1154 1185/1223/1152
f 1184/1297/1223 1185/1223/1152 1161/1298/1224
f 1161/1298/1224 1185/1223/1152 1162/1221/1150
f 1161/1298/1224 1162/1221/1150 1138/1299/1225
f 1138/1299/1225 1162/1221/1150 1139/1219/1148
f 1138/1299/1225 1139/1219/1148 540/1300/1226
f 540/1300/1226 1139/1219/1148 541/1217/1146
f 540/1300/1226 541/1217/1146 517/1301/1227
f 517/1301/1227 541/1217/1146 518/1215/1144
f 517/1301/1227 518/1215/1144 514/1302/1228
f 514/1302/1228 518/1215/1144 513/1213/1142
f 514/1302/1228 513/1213/1142 1115/1303/1229
f 1115/1303/1229 513/1213/1142 1116/1211/1140
f 1115/1303/1229 1116/1211/1140 1092/1304/1230
f 1092/1304/1230 1116/1211/1140 1093/1209/1138
f 1092/1304/1230 1093/1209/1138 1069/1305/1231
f 1069/1305/1231 1093/1209/1138 1070/1207/1136
f 1069/1305/1231 1070/1207/1136 1046/1306/1232
f 1046/1306/1232 1070/1207/1136 1047/1205/1134
f 1046/1306/1232 1047/1205/1134 609/1307/1233
f 609/1307/1233 1047/1205/1134 610/1203/1132
f 609/1307/1233 610/1203/1132 586/1308/1234
f 586/1308/1234 610/1203/1132 587/1201/1130
f 586/1308/1234 587/1201/1130 583/1309/1235
f 583/1309/1235 587/1201/1130 582/1199/1128
f 583/1309/1235 582/1199/1128 1023/1310/1236
f 1023/1310/1236 582/1199/1128 1024/1197/1126
f 1023/1310/1236 1024/1197/1126 1000/1311/1237
f 1000/1311/1237 1024/1197/1126 1001/1195/1124
f 1000/1311/1237 1001/1195/1124 977/1312/1238
f 977/1312/1238 1001/1195/1124 978/1193/1122
f 977/1312/1238 978/1193/1122 954/1313/1239
f 954/1313/1239 978/1193/1122 955/1191/1120
f 954/1313/1239 955/1191/1120 678/1314/1240
f 678/1314/1240 955/1191/1120 679/1189/1118
f 678/1314/1240 679/1189/1118 655/1315/1241
f 655/1315/1241 679/1189/1118 656/1187/1116
f 655/1315/1241 656/1187/1116 652/1316/1242
f 652/1316/1242 656/1187/1116 651/1185/1114
f 652/1316/1242 651/1185/1114 931/1317/1243
f 931/1317/1243 651/1185/1114 932/1183/1112
f 931/1317/1243 932/1183/1112 908/1318/1244
f 908/1318/1244 932/1183/1112 909/1181/1110
f 908/1318/1244 909/1181/1110 885/1319/1245
f 885/1319/1245 909/1181/1110 886/1179/1108
f 885/1319/1245 886/1179/1108 862/1320/1246
f 862/1320/1246 886/1179/1108 863/1177/1106
f 862/1320/1246 863/1177/1106 747/1321/1247
f 747/1321/1247 863/1177/1106 748/1175/1104
f 747/1321/1247 748/1175/1104 724/1322/1248
f 724/1322/1248 748/1175/1104 725/1173/1102
f 724/1322/1248 725/1173/1102 721/1323/1249
f 721/1323/1249 725/1173/1102 720/1171/1100
f 721/1323/1249 720/1171/1100 839/1324/1250
f 839/1324/1250 720/1171/1100 840/1169/1098
f 839/1324/1250 840/1169/1098 816/1325/1251
f 816/1325/1251 840/1169/1098 817/1167/1096
f 816/1325/1251 817/1167/1096 793/1326/1252
f 793/1326/1252 817/1167/1096 794/1165/1094
f 793/1326/1252 794/1165/1094 770/1327/1253
f 770/1327/1253 794/1165/1094 771/1163/1092
f 770/1327/1253 771/1163/1092 379/1328/1254
f 379/1328/1254 771/1163/1092 380/1161/1090
f 379/1328/1254 380/1161/1090 361/1329/1213
f 361/1329/1213 380/1161/1090 362/1159/1088
f 363/1244/1171 364/1330/1255 419/1245/1172
f 419/1245/1172 364/1330/1255 418/1331/1256
f 419/1245/1172 418/1331/1256 1302/1246/1173
f 1302/1246/1173 418/1331/1256 1303/1332/1257
f 1302/1246/1173 1303/1332/1257 1279/1247/1174
f 1279/1247/1174 1303/1332/1257 1280/1333/1258
f 1279/1247/1174 1280/1333/1258 1256/1248/1175
f 1256/1248/1175 1280/1333/1258 1257/1334/1259
f 1256/1248/1175 1257/1334/1259 1233/1249/1176
f 1233/1249/1176 1257/1334/1259 1234/1335/1260
f 1233/1249/1176 1234/1335/1260 474/1250/1177
f 474/1250/1177 1234/1335/1260 475/1336/1261
f 474/1250/1177 475/1336/1261 451/1251/1178
f 451/1251/1178 475/1336/1261 452/1337/1262
f 451/1251/1178 452/1337/1262 442/1252/1179
f 442/1252/1179 452/1337/1262 441/1338/1263
f 442/1252/1179 441/1338/1263 1210/1253/1180
f 1210/1253/1180 441/1338/1263 1211/1339/1264
f 1210/1253/1180 1211/1339/1264 1187/1254/1181
f 1187/1254/1181 1211/1339/1264 1188/1340/1265
f 1187/1254/1181 1188/1340/1265 1164/1255/1182
f 1164/1255/1182 1188/1340/1265 1165/1341/1266
f 1164/1255/1182 1165/1341/1266 1141/1256/1183
f 1141/1256/1183 1165/1341/1266 1142/1342/1267
f 1141/1256/1183 1142/1342/1267 543/1257/1184
f 543/1257/1184 1142/1342/1267 544/1343/1268
f 543/1257/1184 544/1343/1268 520/1258/1185
f 520/1258/1185 544/1343/1268 521/1344/1269
f 520/1258/1185 521/1344/1269 511/1259/1186
f 511/1259/1186 521/1344/1269 510/1345/1270
f 511/1259/1186 510/1345/1270 1118/1260/1187
f 1118/1260/1187 510/1345/1270 1119/1346/1271
f 1118/1260/1187 1119/1346/1271 1095/1261/1188
f 1095/1261/1188 1119/1346/1271 1096/1347/1272
f 1095/1261/1188 1096/1347/1272 1072/1262/1189
f 1072/1262/1189 1096/1347/1272 1073/1348/1273
f 1072/1262/1189 1073/1348/1273 1049/1263/1190
f 1049/1263/1190 1073/1348/1273 1050/1349/1274
f 1049/1263/1190 1050/1349/1274 612/1264/1191
f 612/1264/1191 1050/1349/1274 613/1350/1275
f 612/1264/1191 613/1350/1275 589/1265/1192
f 589/1265/1192 613/1350/1275 590/1351/1276
f 589/1265/1192 590/1351/1276 580/1266/1193
f 580/1266/1193 590/1351/1276 579/1352/1277
f 580/1266/1193 579/1352/1277 1026/1267/1194
f 1026/1267/1194 579/1352/1277 1027/1353/1278
f 1026/1267/1194 1027/1353/1278 1003/1268/1195
f 1003/1268/1195 1027/1353/1278 1004/1354/1279
f 1003/1268/1195 1004/1354/1279 980/1269/1196
f 980/1269/1196 1004/1354/1279 981/1355/1280
f 980/1269/1196 981/1355/1280 957/1270/1197
f 957/1270/1197 981/1355/1280 958/1356/1281
f 957/1270/1197 958/1356/1281 681/1271/1198
f 681/1271/1198 958/1356/1281 682/1357/1282
f 681/1271/1198 682/1357/1282 658/1272/1199
f 658/1272/1199 682/1357/1282 659/1358/1283
f 658/1272/1199 659/1358/1283 649/1273/1200
f 649/1273/1200 659/1358/1283 648/1359/1284
f 649/1273/1200 648/1359/1284 934/1274/1201
f 934/1274/1201 648/1359/1284 935/1360/1285
f 934/1274/1201 935/1360/1285 911/1275/1202
f 911/1275/1202 935/1360/1285 912/1361/1286
f 911/1275/1202 912/1361/1286 888/1276/1203
f 888/1276/1203 912/1361/1286 889/1362/1287
f 888/1276/1203 889/1362/1287 865/1277/1204
f 865/1277/1204 889/1362/1287 866/1363/1288
f 865/1277/1204 866/1363/1288 750/1278/1205
f 750/1278/1205 866/1363/1288 751/1364/1289
f 750/1278/1205 751/1364/1289 727/1279/1206
f 727/1279/1206 751/1364/1289 728/1365/1290
f 727/1279/1206 728/1365/1290 718/1280/1207
f 718/1280/1207 728/1365/1290 717/1366/1291
f 718/1280/1207 717/1366/1291 842/1281/1208
f 842/1281/1208 717/1366/1291 843/1367/1292
f 842/1281/1208 843/1367/1292 819/1282/1209
f 819/1282/1209 843/1367/1292 820/1368/1293
f 819/1282/1209 820/1368/1293 796/1283/1210
f 796/1283/1210 820/1368/1293 797/1369/1294
f 796/1283/1210 797/1369/1294 773/1284/1211
f 773/1284/1211 797/1369/1294 774/1370/1295
f 773/1284/1211 774/1370/1295 382/1285/1212
f 382/1285/1212 774/1370/1295 383/1371/1296
f 382/1285/1212 383/1371/1296 363/1286/1171
f 363/1286/1171 383/1371/1296 364/1372/1255
f 364/1330/1255 365/1114/962 418/1331/1256
f 418/1331/1256 365/1114/962 417/1112/1044
f 418/1331/1256 417/1112/1044 1303/1332/1257
f 1303/1332/1257 417/1112/1044 1304/1110/1042
f 1303/1332/1257 1304/1110/1042 1280/1333/1258
f 1280/1333/1258 1304/1110/1042 1281/1108/1040
f 1280/1333/1258 1281/1108/1040 1257/1334/1259
f 1257/1334/1259 1281/1108/1040 1258/1106/1038
f 1257/1334/1259 1258/1106/1038 1234/1335/1260
f 1234/1335/1260 1258/1106/1038 1235/1104/1036
f 1234/1335/1260 1235/1104/1036 475/1336/1261
f 475/1336/1261 1235/1104/1036 476/1102/1034
f 475/1336/1261 476/1102/1034 452/1337/1262
f 452/1337/1262 476/1102/1034 453/1100/1032
f 452/1337/1262 453/1100/1032 441/1338/1263
f 441/1338/1263 453/1100/1032 440/1098/1030
f 441/1338/1263 440/1098/1030 1211/1339/1264
f 1211/1339/1264 440/1098/1030 1212/1096/1028
f 1211/1339/1264 1212/1096/1028 1188/1340/1265
f 1188/1340/1265 1212/1096/1028 1189/1094/1026
f 1188/1340/1265 1189/1094/1026 1165/1341/1266
f 1165/1341/1266 1189/1094/1026 1166/1092/1024
f 1165/1341/1266 1166/1092/1024 1142/1342/1267
f 1142/1342/1267 1166/1092/1024 1143/1090/1022
f 1142/1342/1267 1143/1090/1022 544/1343/1268
f 544/1343/1268 1143/1090/1022 545/1088/1020
f 544/1343/1268 545/1088/1020 521/1344/1269
f 521/1344/1269 545/1088/1020 522/1086/1018
f 521/1344/1269 522/1086/1018 510/1345/1270
f 510/1345/1270 522/1086/1018 509/1084/1016
f 510/1345/1270 509/1084/1016 1119/1346/1271
f 1119/1346/1271 509/1084/1016 1120/1082/1014
f 1119/1346/1271 1120/1082/1014 1096/1347/1272
f 1096/1347/1272 1120/1082/1014 1097/1080/1012
f 1096/1347/1272 1097/1080/1012 1073/1348/1273
f 1073/1348/1273 1097/1080/1012 1074/1078/1010
f 1073/1348/1273 1074/1078/1010 1050/1349/1274
f 1050/1349/1274 1074/1078/1010 1051/1076/1008
f 1050/1349/1274 1051/1076/1008 613/1350/1275
f 613/1350/1275 1051/1076/1008 614/1074/1006
f 613/1350/1275 614/1074/1006 590/1351/1276
f 590/1351/1276 614/1074/1006 591/1072/1004
f 590/1351/1276 591/1072/1004 579/1352/1277
f 579/1352/1277 591/1072/1004 578/1070/1002
f 579/1352/1277 578/1070/1002 1027/1353/1278
f 1027/1353/1278 578/1070/1002 1028/1068/1000
f 1027/1353/1278 1028/1068/1000 1004/1354/1279
f 1004/1354/1279 1028/1068/1000 1005/1066/998
f 1004/1354/1279 1005/1066/998 981/1355/1280
f 981/1355/1280 1005/1066/998 982/1064/996
f 981/1355/1280 982/1064/996 958/1356/1281
f 958/1356/1281 982/1064/996 959/1062/994
f 958/1356/1281 959/1062/994 682/1357/1282
f 682/1357/1282 959/1062/994 683/1060/992
f 682/1357/1282 683/1060/992 659/1358/1283
f 659/1358/1283 683/1060/992 660/1058/990
f 659/1358/1283 660/1058/990 648/1359/1284
f 648/1359/1284 660/1058/990 647/1056/988
f 648/1359/1284 647/1056/988 935/1360/1285
f 935/1360/1285 647/1056/988 936/1054/986
f 935/1360/1285 936/1054/986 912/1361/1286
f 912/1361/1286 936/1054/986 913/1052/984
f 912/1361/1286 913/1052/984 889/1362/1287
f 889/1362/1287 913/1052/984 890/1050/982
f 889/1362/1287 890/1050/982 866/1363/1288
f 866/1363/1288 890/1050/982 867/1048/980
f 866/1363/1288 867/1048/980 751/1364/1289
f 751/1364/1289 867/1048/980 752/1046/978
f 751/1364/1289 752/1046/978 728/1365/1290
f 728/1365/1290 752/1046/978 729/1044/976
f 728/1365/1290 729/1044/976 717/1366/1291
f 717/1366/1291 729/1044/976 716/1042/974
f 717/1366/1291 716/1042/974 843/1367/1292
f 843/1367/1292 716/1042/974 844/1040/972
f 843/1367/1292 844/1040/972 820/1368/1293
f 820/1368/1293 844/1040/972 821/1038/970
f 820/1368/1293 821/1038/970 797/1369/1294
f 797/1369/1294 821/1038/970 798/1036/968
f 797/1369/1294 798/1036/968 774/1370/1295
f 774/1370/1295 798/1036/968 775/1034/966
f 774/1370/1295 775/1034/966 383/1371/1296
f 383/1371/1296 775/1034/966 384/1032/964
f 383/1371/1296 384/1032/964 364/1372/1255
f 364/1372/1255 384/1032/964 365/1030/962
f 366/1115/1045 367/1373/1297 415/1116/1046
f 415/1116/1046 367/1373/1297 414/1374/1298
f 415/1116/1046 414/1374/1298 1306/1117/1047
f 1306/1117/1047 414/1374/1298 1307/1375/1299
f 1306/1117/1047 1307/1375/1299 1283/1118/1048
f 1283/1118/1048 1307/1375/1299 1284/1376/1300
f 1283/1118/1048 1284/1376/1300 1260/1119/1049
f 1260/1119/1049 1284/1376/1300 1261/1377/1301
f 1260/1119/1049 1261/1377/1301 1237/1120/1050
f 1237/1120/1050 1261/1377/1301 1238/1378/1302
f 1237/1120/1050 1238/1378/1302 478/1121/1051
f 478/1121/1051 1238/1378/1302 479/1379/1303
f 478/1121/1051 479/1379/1303 455/1122/1052
f 455/1122/1052 479/1379/1303 456/1380/1304
f 455/1122/1052 456/1380/1304 438/1123/1053
f 438/1123/1053 456/1380/1304 437/1381/1305
f 438/1123/1053 437/1381/1305 1214/1124/1054
f 1214/1124/1054 437/1381/1305 1215/1382/1306
f 1214/1124/1054 1215/1382/1306 1191/1125/1055
f 1191/1125/1055 1215/1382/1306 1192/1383/1307
f 1191/1125/1055 1192/1383/1307 1168/1126/1056
f 1168/1126/1056 1192/1383/1307 1169/1384/1308
f 1168/1126/1056 1169/1384/1308 1145/1127/1057
f 1145/1127/1057 1169/1384/1308 1146/1385/1309
f 1145/1127/1057 1146/1385/1309 547/1128/1058
f 547/1128/1058 1146/1385/1309 548/1386/1310
f 547/1128/1058 548/1386/1310 524/1129/1059
f 524/1129/1059 548/1386/1310 525/1387/1311
f 524/1129/1059 525/1387/1311 507/1130/1060
f 507/1130/1060 525/1387/1311 506/1388/1312
f 507/1130/1060 506/1388/1312 1122/1131/1061
f 1122/1131/1061 506/1388/1312 1123/1389/1313
f 1122/1131/1061 1123/1389/1313 1099/1132/1062
f 1099/1132/1062 1123/1389/1313 1100/1390/1314
f 1099/1132/1062 1100/1390/1314 1076/1133/1063
f 1076/1133/1063 1100/1390/1314 1077/1391/1315
f 1076/1133/1063 1077/1391/1315 1053/1134/1064
f 1053/1134/1064 1077/1391/1315 1054/1392/1316
f 1053/1134/1064 1054/1392/1316 616/1135/1065
f 616/1135/1065 1054/1392/1316 617/1393/1317
f 616/1135/1065 617/1393/1317 593/1136/1066
f 593/1136/1066 617/1393/1317 594/1394/1318
f 593/1136/1066 594/1394/1318 576/1137/1067
f 576/1137/1067 594/1394/1318 575/1395/1319
f 576/1137/1067 575/1395/1319 1030/1138/1068
f 1030/1138/1068 575/1395/1319 1031/1396/1320
f 1030/1138/1068 1031/1396/1320 1007/1139/1069
f 1007/1139/1069 1031/1396/1320 1008/1397/1321
f 1007/1139/1069 1008/1397/1321 984/1140/1070
f 984/1140/1070 1008/1397/1321 985/1398/1322
f 984/1140/1070 985/1398/1322 961/1141/1071
f 961/1141/1071 985/1398/1322 962/1399/1323
f 961/1141/1071 962/1399/1323 685/1142/1072
f 685/1142/1072 962/1399/1323 686/1400/1324
f 685/1142/1072 686/1400/1324 662/1143/1073
f 662/1143/1073 686/1400/1324 663/1401/1325
f 662/1143/1073 663/1401/1325 645/1144/1074
f 645/1144/1074 663/1401/1325 644/1402/1326
f 645/1144/1074 644/1402/1326 938/1145/1075
f 938/1145/1075 644/1402/1326 939/1403/1327
f 938/1145/1075 939/1403/1327 915/1146/1076
f 915/1146/1076 939/1403/1327 916/1404/1328
f 915/1146/1076 916/1404/1328 892/1147/1077
f 892/1147/1077 916/1404/1328 893/1405/1329
f 892/1147/1077 893/1405/1329 869/1148/1078
f 869/1148/1078 893/1405/1329 870/1406/1330
f 869/1148/1078 870/1406/1330 754/1149/1079
f 754/1149/1079 870/1406/1330 755/1407/1331
f 754/1149/1079 755/1407/1331 731/1150/1080
f 731/1150/1080 755/1407/1331 732/1408/1332
f 731/1150/1080 732/1408/1332 714/1151/1081
f 714/1151/1081 732/1408/1332 713/1409/1333
f 714/1151/1081 713/1409/1333 846/1152/1082
f 846/1152/1082 713/1409/1333 847/1410/1334
f 846/1152/1082 847/1410/1334 823/1153/1083
f 823/1153/1083 847/1410/1334 824/1411/1335
f 823/1153/1083 824/1411/1335 800/1154/1084
f 800/1154/1084 824/1411/1335 801/1412/1336
f 800/1154/1084 801/1412/1336 777/1155/1085
f 777/1155/1085 801/1412/1336 778/1413/1337
f 777/1155/1085 778/1413/1337 386/1156/1086
f 386/1156/1086 778/1413/1337 387/1414/1338
f 386/1156/1086 387/1414/1338 366/1157/1045
f 366/1157/1045 387/1414/1338 367/1415/1297
f 367/1373/1297 368/985/836 414/1374/1298
f 414/1374/1298 368/985/836 413/983/918
f 414/1374/1298 413/983/918 1307/1375/1299
f 1307/1375/1299 413/983/918 1308/981/916
f 1307/1375/1299 1308/981/916 1284/1376/1300
f 1284/1376/1300 1308/981/916 1285/979/914
f 1284/1376/1300 1285/979/914 1261/1377/1301
f 1261/1377/1301 1285/979/914 1262/977/912
f 1261/1377/1301 1262/977/912 1238/1378/1302
f 1238/1378/1302 1262/977/912 1239/975/910
f 1238/1378/1302 1239/975/910 479/1379/1303
f 479/1379/1303 1239/975/910 480/973/908
f 479/1379/1303 480/973/908 456/1380/1304
f 456/1380/1304 480/973/908 457/971/906
f 456/1380/1304 457/971/906 437/1381/1305
f 437/1381/1305 457/971/906 436/969/904
f 437/1381/1305 436/969/904 1215/1382/1306
f 1215/1382/1306 436/969/904 1216/967/902
f 1215/1382/1306 1216/967/902 1192/1383/1307
f 1192/1383/1307 1216/967/902 1193/965/900
f 1192/1383/1307 1193/965/900 1169/1384/1308
f 1169/1384/1308 1193/965/900 1170/963/898
f 1169/1384/1308 1170/963/898 1146/1385/1309
f 1146/1385/1309 1170/963/898 1147/961/896
f 1146/1385/1309 1147/961/896 548/1386/1310
f 548/1386/1310 1147/961/896 549/959/894
f 548/1386/1310 549/959/894 525/1387/1311
f 525/1387/1311 549/959/894 526/957/892
f 525/1387/1311 526/957/892 506/1388/1312
f 506/1388/1312 526/957/892 505/955/890
f 506/1388/1312 505/955/890 1123/1389/1313
f 1123/1389/1313 505/955/890 1124/953/888
f 1123/1389/1313 1124/953/888 1100/1390/1314
f 1100/1390/1314 1124/953/888 1101/951/886
f 1100/1390/1314 1101/951/886 1077/1391/1315
f 1077/1391/1315 1101/951/886 1078/949/884
f 1077/1391/1315 1078/949/884 1054/1392/1316
f 1054/1392/1316 1078/949/884 1055/947/882
f 1054/1392/1316 1055/947/882 617/1393/1317
f 617/1393/1317 1055/947/882 618/945/880
f 617/1393/1317 618/945/880 594/1394/1318
f 594/1394/1318 618/945/880 595/943/878
f 594/1394/1318 595/943/878 575/1395/1319
f 575/1395/1319 595/943/878 574/941/876
f 575/1395/1319 574/941/876 1031/1396/1320
f 1031/1396/1320 574/941/876 1032/939/874
f 1031/1396/1320 1032/939/874 1008/1397/1321
f 1008/1397/1321 1032/939/874 1009/937/872
f 1008/1397/1321 1009/937/872 985/1398/1322
f 985/1398/1322 1009/937/872 986/935/870
f 985/1398/1322 986/935/870 962/1399/1323
f 962/1399/1323 986/935/870 963/933/868
f 962/1399/1323 963/933/868 686/1400/1324
f 686/1400/1324 963/933/868 687/931/866
f 686/1400/1324 687/931/866 663/1401/1325
f 663/1401/1325 687/931/866 664/929/864
f 663/1401/1325 664/929/864 644/1402/1326
f 644/1402/1326 664/929/864 643/927/862
f 644/1402/1326 643/927/862 939/1403/1327
f 939/1403/1327 643/927/862 940/925/860
f 939/1403/1327 940/925/860 916/1404/1328
f 916/1404/1328 940/925/860 917/923/858
f 916/1404/1328 917/923/858 893/1405/1329
f 893/1405/1329 917/923/858 894/921/856
f 893/1405/1329 894/921/856 870/1406/1330
f 870/1406/1330 894/921/856 871/919/854
f 870/1406/1330 871/919/854 755/1407/1331
f 755/1407/1331 871/919/854 756/917/852
f 755/1407/1331 756/917/852 732/1408/1332
f 732/1408/1332 756/917/852 733/915/850
f 732/1408/1332 733/915/850 713/1409/1333
f 713/1409/1333 733/915/850 712/913/848
f 713/1409/1333 712/913/848 847/1410/1334
f 847/1410/1334 712/913/848 848/911/846
f 847/1410/1334 848/911/846 824/1411/1335
f 824/1411/1335 848/911/846 825/909/844
f 824/1411/1335 825/909/844 801/1412/1336
f 801/1412/1336 825/909/844 802/907/842
f 801/1412/1336 802/907/842 778/1413/1337
f 778/1413/1337 802/907/842 779/905/840
f 778/1413/1337 779/905/840 387/1414/1338
f 387/1414/1338 779/905/840 388/903/838
f 387/1414/1338 388/903/838 367/1415/1297
f 367/1415/1297 388/903/838 368/901/836
f 369/986/919 370/1416/1339 411/987/920
f 411/987/920 370/1416/1339 410/1417/1340
f 411/987/920 410/1417/1340 1310/988/921
f 1310/988/921 410/1417/1340 1311/1418/1341
f 1310/988/921 1311/1418/1341 1287/989/922
f 1287/989/922 1311/1418/1341 1288/1419/1342
f 1287/989/922 1288/1419/1342 1264/990/923
f 1264/990/923 1288/1419/1342 1265/1420/1343
f 1264/990/923 1265/1420/1343 1241/991/924
f 1241/991/924 1265/1420/1343 1242/1421/1344
f 1241/991/924 1242/1421/1344 482/992/925
f 482/992/925 1242/1421/1344 483/1422/1345
f 482/992/925 483/1422/1345 459/993/926
f 459/993/926 483/1422/1345 460/1423/1346
f 459/993/926 460/1423/1346 434/994/927
f 434/994/927 460/1423/1346 433/1424/1347
f 434/994/927 433/1424/1347 1218/995/928
f 1218/995/928 433/1424/1347 1219/1425/1348
f 1218/995/928 1219/1425/1348 1195/996/929
f 1195/996/929 1219/1425/1348 1196/1426/1349
f 1195/996/929 1196/1426/1349 1172/997/930
f 1172/997/930 1196/1426/1349 1173/1427/1350
f 1172/997/930 1173/1427/1350 1149/998/931
f 1149/998/931 1173/1427/1350 1150/1428/1351
f 1149/998/931 1150/1428/1351 551/999/932
f 551/999/932 1150/1428/1351 552/1429/1352
f 551/999/932 552/1429/1352 528/1000/933
f 528/1000/933 552/1429/1352 529/1430/1353
f 528/1000/933 529/1430/1353 503/1001/934
f 503/1001/934 529/1430/1353 502/1431/1354
f 503/1001/934 502/1431/1354 1126/1002/935
f 1126/1002/935 502/1431/1354 1127/1432/1355
f 1126/1002/935 1127/1432/1355 1103/1003/936
f 1103/1003/936 1127/1432/1355 1104/1433/1356
f 1103/1003/936 1104/1433/1356 1080/1004/937
f 1080/1004/937 1104/1433/1356 1081/1434/1357
f 1080/1004/937 1081/1434/1357 1057/1005/938
f 1057/1005/938 1081/1434/1357 1058/1435/1358
f 1057/1005/938 1058/1435/1358 620/1006/939
f 620/1006/939 1058/1435/1358 621/1436/1359
f 620/1006/939 621/1436/1359 597/1007/940
f 597/1007/940 621/1436/1359 598/1437/1360
f 597/1007/940 598/1437/1360 572/1008/941
f 572/1008/941 598/1437/1360 571/1438/1361
f 572/1008/941 571/1438/1361 1034/1009/942
f 1034/1009/942 571/1438/1361 1035/1439/1362
f 1034/1009/942 1035/1439/1362 1011/1010/943
f 1011/1010/943 1035/1439/1362 1012/1440/1363
f 1011/1010/943 1012/1440/1363 988/1011/944
f 988/1011/944 1012/1440/1363 989/1441/1364
f 988/1011/944 989/1441/1364 965/1012/945
f 965/1012/945 989/1441/1364 966/1442/1365
f 965/1012/945 966/1442/1365 689/1013/946
f 689/1013/946 966/1442/1365 690/1443/1366
f 689/1013/946 690/1443/1366 666/1014/947
f 666/1014/947 690/1443/1366 667/1444/1367
f 666/1014/947 667/1444/1367 641/1015/948
f 641/1015/948 667/1444/1367 640/1445/1368
f 641/1015/948 640/1445/1368 942/1016/949
f 942/1016/949 640/1445/1368 943/1446/1369
f 942/1016/949 943/1446/1369 919/1017/950
f 919/1017/950 943/1446/1369 920/1447/1370
f 919/1017/950 920/1447/1370 896/1018/951
f 896/1018/951 920/1447/1370 897/1448/1371
f 896/1018/951 897/1448/1371 873/1019/952
f 873/1019/952 897/1448/1371 874/1449/1372
f 873/1019/952 874/1449/1372 758/1020/953
f 758/1020/953 874/1449/1372 759/1450/1373
f 758/1020/953 759/1450/1373 735/1021/954
f 735/1021/954 759/1450/1373 736/1451/1374
f 735/1021/954 736/1451/1374 710/1022/955
f 710/1022/955 736/1451/1374 709/1452/1375
f 710/1022/955 709/1452/1375 850/1023/956
f 850/1023/956 709/1452/1375 851/1453/1376
f 850/1023/956 851/1453/1376 827/1024/957
f 827/1024/957 851/1453/1376 828/1454/1377
f 827/1024/957 828/1454/1377 804/1025/958
f 804/1025/958 828/1454/1377 805/1455/1378
f 804/1025/958 805/1455/1378 781/1026/959
f 781/1026/959 805/1455/1378 782/1456/1379
f 781/1026/959 782/1456/1379 390/1027/960
f 390/1027/960 782/1456/1379 391/1457/1380
f 390/1027/960 391/1457/1380 369/1028/919
f 369/1028/919 391/1457/1380 370/1458/1339
f 370/1416/1339 371/856/710 410/1417/1340
f 410/1417/1340 371/856/710 409/854/792
f 410/1417/1340 409/854/792 1311/1418/1341
f 1311/1418/1341 409/854/792 1312/852/790
f 1311/1418/1341 1312/852/790 1288/1419/1342
f 1288/1419/1342 1312/852/790 1289/850/788
f 1288/1419/1342 1289/850/788 1265/1420/1343
f 1265/1420/1343 1289/850/788 1266/848/786
f 1265/1420/1343 1266/848/786 1242/1421/1344
f 1242/1421/1344 1266/848/786 1243/846/784
f 1242/1421/1344 1243/846/784 483/1422/1345
f 483/1422/1345 1243/846/784 484/844/782
f 483/1422/1345 484/844/782 460/1423/1346
f 460/1423/1346 484/844/782 461/842/780
f 460/1423/1346 461/842/780 433/1424/1347
f 433/1424/1347 461/842/780 432/840/778
f 433/1424/1347 432/840/778 1219/1425/1348
f 1219/1425/1348 432/840/778 1220/838/776
f 1219/1425/1348 1220/838/776 1196/1426/1349
f 1196/1426/1349 1220/838/776 1197/836/774
f 1196/1426/1349 1197/836/774 1173/1427/1350
f 1173/1427/1350 1197/836/774 1174/834/772
f 1173/1427/1350 1174/834/772 1150/1428/1351
f 1150/1428/1351 1174/834/772 1151/832/770
f 1150/1428/1351 1151/832/770 552/1429/1352
f 552/1429/1352 1151/832/770 553/830/768
f 552/1429/1352 553/830/768 529/1430/1353
f 529/1430/1353 553/830/768 530/828/766
f 529/1430/1353 530/828/766 502/1431/1354
f 502/1431/1354 530/828/766 501/826/764
f 502/1431/1354 501/826/764 1127/1432/1355
f 1127/1432/1355 501/826/764 1128/824/762
f 1127/1432/1355 1128/824/762 1104/1433/1356
f 1104/1433/1356 1128/824/762 1105/822/760
f 1104/1433/1356 1105/822/760 1081/1434/1357
f 1081/1434/1357 1105/822/760 1082/820/758
f 1081/1434/1357 1082/820/758 1058/1435/1358
f 1058/1435/1358 1082/820/758 1059/818/756
f 1058/1435/1358 1059/818/756 621/1436/1359
f 621/1436/1359 1059/818/756 622/816/754
f 621/1436/1359 622/816/754 598/1437/1360
f 598/1437/1360 622/816/754 599/814/752
f 598/1437/1360 599/814/752 571/1438/1361
f 571/1438/1361 599/814/752 570/812/750
f 571/1438/1361 570/812/750 1035/1439/1362
f 1035/1439/1362 570/812/750 1036/810/748
f 1035/1439/1362 1036/810/748 1012/1440/1363
f 1012/1440/1363 1036/810/748 1013/808/746
f 1012/1440/1363 1013/808/746 989/1441/1364
f 989/1441/1364 1013/808/746 990/806/744
f 989/1441/1364 990/806/744 966/1442/1365
f 966/1442/1365 990/806/744 967/804/742
f 966/1442/1365 967/804/742 690/1443/1366
f 690/1443/1366 967/804/742 691/802/740
f 690/1443/1366 691/802/740 667/1444/1367
f 667/1444/1367 691/802/740 668/800/738
f 667/1444/1367 668/800/738 640/1445/1368
f 640/1445/1368 668/800/738 639/798/736
f 640/1445/1368 639/798/736 943/1446/1369
f 943/1446/1369 639/798/736 944/796/734
f 943/1446/1369 944/796/734 920/1447/1370
f 920/1447/1370 944/796/734 921/794/732
f 920/1447/1370 921/794/732 897/1448/1371
f 897/1448/1371 921/794/732 898/792/730
f 897/1448/1371 898/792/730 874/1449/1372
f 874/1449/1372 898/792/730 875/790/728
f 874/1449/1372 875/790/728 759/1450/1373
f 759/1450/1373 875/790/728 760/788/726
f 759/1450/1373 760/788/726 736/1451/1374
f 736/1451/1374 760/788/726 737/786/724
f 736/1451/1374 737/786/724 709/1452/1375
f 709/1452/1375 737/786/724 708/784/722
f 709/1452/1375 708/784/722 851/1453/1376
f 851/1453/1376 708/784/722 852/782/720
f 851/1453/1376 852/782/720 828/1454/1377
f 828/1454/1377 852/782/720 829/780/718
f 828/1454/1377 829/780/718 805/1455/1378
f 805/1455/1378 829/780/718 806/778/716
f 805/1455/1378 806/778/716 782/1456/1379
f 782/1456/1379 806/778/716 783/776/714
f 782/1456/1379 783/776/714 391/1457/1380
f 391/1457/1380 783/776/714 392/774/712
f 391/1457/1380 392/774/712 370/1458/1339
f 370/1458/1339 392/774/712 371/772/710
f 372/857/793 373/1459/1381 407/858/794
f 407/858/794 373/1459/1381 406/1460/1382
f 407/858/794 406/1460/1382 1314/859/795
f 1314/859/795 406/1460/1382 1315/1461/1383
f 1314/859/795 1315/1461/1383 1291/860/796
f 1291/860/796 1315/1461/1383 1292/1462/1384
f 1291/860/796 1292/1462/1384 1268/861/797
f 1268/861/797 1292/1462/1384 1269/1463/1385
f 1268/861/797 1269/1463/1385 1245/862/798
f 1245/862/798 1269/1463/1385 1246/1464/1386
f 1245/862/798 1246/1464/1386 486/863/799
f 486/863/799 1246/1464/1386 487/1465/1387
f 486/863/799 487/1465/1387 463/864/800
f 463/864/800 487/1465/1387 464/1466/1388
f 463/864/800 464/1466/1388 430/865/801
f 430/865/801 464/1466/1388 429/1467/1389
f 430/865/801 429/1467/1389 1222/866/802
f 1222/866/802 429/1467/1389 1223/1468/1390
f 1222/866/802 1223/1468/1390 1199/867/803
f 1199/867/803 1223/1468/1390 1200/1469/1391
f 1199/867/803 1200/1469/1391 1176/868/804
f 1176/868/804 1200/1469/1391 1177/1470/1392
f 1176/868/804 1177/1470/1392 1153/869/805
f 1153/869/805 1177/1470/1392 1154/1471/1393
f 1153/869/805 1154/1471/1393 555/870/806
f 555/870/806 1154/1471/1393 556/1472/1394
f 555/870/806 556/1472/1394 532/871/807
f 532/871/807 556/1472/1394 533/1473/1395
f 532/871/807 533/1473/1395 499/872/808
f 499/872/808 533/1473/1395 498/1474/1396
f 499/872/808 498/1474/1396 1130/873/809
f 1130/873/809 498/1474/1396 1131/1475/1397
f 1130/873/809 1131/1475/1397 1107/874/810
f 1107/874/810 1131/1475/1397 1108/1476/1398
f 1107/874/810 1108/1476/1398 1084/875/811
f 1084/875/811 1108/1476/1398 1085/1477/1399
f 1084/875/811 1085/1477/1399 1061/876/812
f 1061/876/812 1085/1477/1399 1062/1478/1400
f 1061/876/812 1062/1478/1400 624/877/813
f 624/877/813 1062/1478/1400 625/1479/1401
f 624/877/813 625/1479/1401 601/878/814
f 601/878/814 625/1479/1401 602/1480/1402
f 601/878/814 602/1480/1402 568/879/815
f 568/879/815 602/1480/1402 567/1481/1403
f 568/879/815 567/1481/1403 1038/880/816
f 1038/880/816 567/1481/1403 1039/1482/1404
f 1038/880/816 1039/1482/1404 1015/881/817
f 1015/881/817 1039/1482/1404 1016/1483/1405
f 1015/881/817 1016/1483/1405 992/882/818
f 992/882/818 1016/1483/1405 993/1484/1406
f 992/882/818 993/1484/1406 969/883/819
f 969/883/819 993/1484/1406 970/1485/1407
f 969/883/819 970/1485/1407 693/884/820
f 693/884/820 970/1485/1407 694/1486/1408
f 693/884/820 694/1486/1408 670/885/821
f 670/885/821 694/1486/1408 671/1487/1409
f 670/885/821 671/1487/1409 637/886/822
f 637/886/822 671/1487/1409 636/1488/1410
f 637/886/822 636/1488/1410 946/887/823
f 946/887/823 636/1488/1410 947/1489/1411
f 946/887/823 947/1489/1411 923/888/824
f 923/888/824 947/1489/1411 924/1490/1412
f 923/888/824 924/1490/1412 900/889/825
f 900/889/825 924/1490/1412 901/1491/1413
f 900/889/825 901/1491/1413 877/890/826
f 877/890/826 901/1491/1413 878/1492/1414
f 877/890/826 878/1492/1414 762/891/827
f 762/891/827 878/1492/1414 763/1493/1415
f 762/891/827 763/1493/1415 739/892/828
f 739/892/828 763/1493/1415 740/1494/1416
f 739/892/828 740/1494/1416 706/893/829
f 706/893/829 740/1494/1416 705/1495/1417
f 706/893/829 705/1495/1417 854/894/830
f 854/894/830 705/1495/1417 855/1496/1418
f 854/894/830 855/1496/1418 831/895/831
f 831/895/831 855/1496/1418 832/1497/1419
f 831/895/831 832/1497/1419 808/896/832
f 808/896/832 832/1497/1419 809/1498/1420
f 808/896/832 809/1498/1420 785/897/833
f 785/897/833 809/1498/1420 786/1499/1421
f 785/897/833 786/1499/1421 394/898/834
f 394/898/834 786/1499/1421 395/1500/1422
f 394/898/834 395/1500/1422 372/899/793
f 372/899/793 395/1500/1422 373/1501/1381
f 373/1459/1381 374/727/584 406/1460/1382
f 406/1460/1382 374/727/584 405/725/666
f 406/1460/1382 405/725/666 1315/1461/1383
f 1315/1461/1383 405/725/666 1316/723/664
f 1315/1461/1383 1316/723/664 1292/1462/1384
f 1292/1462/1384 1316/723/664 1293/721/662
f 1292/1462/1384 1293/721/662 1269/1463/1385
f 1269/1463/1385 1293/721/662 1270/719/660
f 1269/1463/1385 1270/719/660 1246/1464/1386
f 1246/1464/1386 1270/719/660 1247/717/658
f 1246/1464/1386 1247/717/658 487/1465/1387
f 487/1465/1387 1247/717/658 488/715/656
f 487/1465/1387 488/715/656 464/1466/1388
f 464/1466/1388 488/715/656 465/713/654
f 464/1466/1388 465/713/654 429/1467/1389
f 429/1467/1389 465/713/654 428/711/652
f 429/1467/1389 428/711/652 1223/1468/1390
f 1223/1468/1390 428/711/652 1224/709/650
f 1223/1468/1390 1224/709/650 1200/1469/1391
f 1200/1469/1391 1224/709/650 1201/707/648
f 1200/1469/1391 1201/707/648 1177/1470/1392
f 1177/1470/1392 1201/707/648 1178/705/646
f 1177/1470/1392 1178/705/646 1154/1471/1393
f 1154/1471/1393 1178/705/646 1155/703/644
f 1154/1471/1393 1155/703/644 556/1472/1394
f 556/1472/1394 1155/703/644 557/701/642
f 556/1472/1394 557/701/642 533/1473/1395
f 533/1473/1395 557/701/642 534/699/640
f 533/1473/1395 534/699/640 498/1474/1396
f 498/1474/1396 534/699/640 497/697/638
f 498/1474/1396 497/697/638 1131/1475/1397
f 1131/1475/1397 497/697/638 1132/695/636
f 1131/1475/1397 1132/695/636 1108/1476/1398
f 1108/1476/1398 1132/695/636 1109/693/634
f 1108/1476/1398 1109/693/634 1085/1477/1399
f 1085/1477/1399 1109/693/634 1086/691/632
f 1085/1477/1399 1086/691/632 1062/1478/1400
f 1062/1478/1400 1086/691/632 1063/689/630
f 1062/1478/1400 1063/689/630 625/1479/1401
f 625/1479/1401 1063/689/630 626/687/628
f 625/1479/1401 626/687/628 602/1480/1402
f 602/1480/1402 626/687/628 603/685/626
f 602/1480/1402 603/685/626 567/1481/1403
f 567/1481/1403 603/685/626 566/683/624
f 567/1481/1403 566/683/624 1039/1482/1404
f 1039/1482/1404 566/683/624 1040/681/622
f 1039/1482/1404 1040/681/622 1016/1483/1405
f 1016/1483/1405 1040/681/622 1017/679/620
f 1016/1483/1405 1017/679/620 993/1484/1406
f 993/1484/1406 1017/679/620 994/677/618
f 993/1484/1406 994/677/618 970/1485/1407
f 970/1485/1407 994/677/618 971/675/616
f 970/1485/1407 971/675/616 694/1486/1408
f 694/1486/1408 971/675/616 695/673/614
f 694/1486/1408 695/673/614 671/1487/1409
f 671/1487/1409 695/673/614 672/671/612
f 671/1487/1409 672/671/612 636/1488/1410
f 636/1488/1410 672/671/612 635/669/610
f 636/1488/1410 635/669/610 947/1489/1411
f 947/1489/1411 635/669/610 948/667/608
f 947/1489/1411 948/667/608 924/1490/1412
f 924/1490/1412 948/667/608 925/665/606
f 924/1490/1412 925/665/606 901/1491/1413
f 901/1491/1413 925/665/606 902/663/604
f 901/1491/1413 902/663/604 878/1492/1414
f 878/1492/1414 902/663/604 879/661/602
f 878/1492/1414 879/661/602 763/1493/1415
f 763/1493/1415 879/661/602 764/659/600
f 763/1493/1415 764/659/600 740/1494/1416
f 740/1494/1416 764/659/600 741/657/598
f 740/1494/1416 741/657/598 705/1495/1417
f 705/1495/1417 741/657/598 704/655/596
f 705/1495/1417 704/655/596 855/1496/1418
f 855/1496/1418 704/655/596 856/653/594
f 855/1496/1418 856/653/594 832/1497/1419
f 832/1497/1419 856/653/594 833/651/592
f 832/1497/1419 833/651/592 809/1498/1420
f 809/1498/1420 833/651/592 810/649/590
f 809/1498/1420 810/649/590 786/1499/1421
f 786/1499/1421 810/649/590 787/647/588
f 786/1499/1421 787/647/588 395/1500/1422
f 395/1500/1422 787/647/588 396/645/586
f 395/1500/1422 396/645/586 373/1501/1381
f 373/1501/1381 396/645/586 374/643/584
f 375/728/667 376/1502/1423 403/729/668
f 403/729/668 376/1502/1423 402/1503/1424
f 403/729/668 402/1503/1424 1318/730/669
f 1318/730/669 402/1503/1424 1319/1504/1425
f 1318/730/669 1319/1504/1425 1295/731/670
f 1295/731/670 1319/1504/1425 1296/1505/1426
f 1295/731/670 1296/1505/1426 1272/732/671
f 1272/732/671 1296/1505/1426 1273/1506/1427
f 1272/732/671 1273/1506/1427 1249/733/672
f 1249/733/672 1273/1506/1427 1250/1507/1428
f 1249/733/672 1250/1507/1428 490/734/673
f 490/734/673 1250/1507/1428 491/1508/1429
f 490/734/673 491/1508/1429 467/735/674
f 467/735/674 491/1508/1429 468/1509/1430
f 467/735/674 468/1509/1430 426/736/675
f 426/736/675 468/1509/1430 425/1510/1431
f 426/736/675 425/1510/1431 1226/737/676
f 1226/737/676 425/1510/1431 1227/1511/1432
f 1226/737/676 1227/1511/1432 1203/738/677
f 1203/738/677 1227/1511/1432 1204/1512/1433
f 1203/738/677 1204/1512/1433 1180/739/678
f 1180/739/678 1204/1512/1433 1181/1513/1434
f 1180/739/678 1181/1513/1434 1157/740/679
f 1157/740/679 1181/1513/1434 1158/1514/1435
f 1157/740/679 1158/1514/1435 559/741/680
f 559/741/680 1158/1514/1435 560/1515/1436
f 559/741/680 560/1515/1436 536/742/681
f 536/742/681 560/1515/1436 537/1516/1437
f 536/742/681 537/1516/1437 495/743/682
f 495/743/682 537/1516/1437 494/1517/1438
f 495/743/682 494/1517/1438 1134/744/683
f 1134/744/683 494/1517/1438 1135/1518/1439
f 1134/744/683 1135/1518/1439 1111/745/684
f 1111/745/684 1135/1518/1439 1112/1519/1440
f 1111/745/684 1112/1519/1440 1088/746/685
f 1088/746/685 1112/1519/1440 1089/1520/1441
f 1088/746/685 1089/1520/1441 1065/747/686
f 1065/747/686 1089/1520/1441 1066/1521/1442
f 1065/747/686 1066/1521/1442 628/748/687
f 628/748/687 1066/1521/1442 629/1522/1443
f 628/748/687 629/1522/1443 605/749/688
f 605/749/688 629/1522/1443 606/1523/1444
f 605/749/688 606/1523/1444 564/750/689
f 564/750/689 606/1523/1444 563/1524/1445
f 564/750/689 563/1524/1445 1042/751/690
f 1042/751/690 563/1524/1445 1043/1525/1446
f 1042/751/690 1043/1525/1446 1019/752/691
f 1019/752/691 1043/1525/1446 1020/1526/1447
f 1019/752/691 1020/1526/1447 996/753/692
f 996/753/692 1020/1526/1447 997/1527/1448
f 996/753/692 997/1527/1448 973/754/693
f 973/754/693 997/1527/1448 974/1528/1449
f 973/754/693 974/1528/1449 697/755/694
f 697/755/694 974/1528/1449 698/1529/1450
f 697/755/694 698/1529/1450 674/756/695
f 674/756/695 698/1529/1450 675/1530/1451
f 674/756/695 675/1530/1451 633/757/696
f 633/757/696 675/1530/1451 632/1531/1452
f 633/757/696 632/1531/1452 950/758/697
f 950/758/697 632/1531/1452 951/1532/1453
f 950/758/697 951/1532/1453 927/759/698
f 927/759/698 951/1532/1453 928/1533/1454
f 927/759/698 928/1533/1454 904/760/699
f 904/760/699 928/1533/1454 905/1534/1455
f 904/760/699 905/1534/1455 881/761/700
f 881/761/700 905/1534/1455 882/1535/1456
f 881/761/700 882/1535/1456 766/762/701
f 766/762/701 882/1535/1456 767/1536/1457
f 766/762/701 767/1536/1457 743/763/702
f 743/763/702 767/1536/1457 744/1537/1458
f 743/763/702 744/1537/1458 702/764/703
f 702/764/703 744/1537/1458 701/1538/1459
f 702/764/703 701/1538/1459 858/765/704
f 858/765/704 701/1538/1459 859/1539/1460
f 858/765/704 859/1539/1460 835/766/705
f 835/766/705 859/1539/1460 836/1540/1461
f 835/766/705 836/1540/1461 812/767/706
f 812/767/706 836/1540/1461 813/1541/1462
f 812/767/706 813/1541/1462 789/768/707
f 789/768/707 813/1541/1462 790/1542/1463
f 789/768/707 790/1542/1463 398/769/708
f 398/769/708 790/1542/1463 399/1543/1464
f 398/769/708 399/1543/1464 375/770/667
f 375/770/667 399/1543/1464 376/1544/1423
f 376/1502/1423 377/555/458 402/1503/1424
f 402/1503/1424 377/555/458 401/553/540
f 402/1503/1424 401/553/540 1319/1504/1425
f 1319/1504/1425 401/553/540 1320/551/538
f 1319/1504/1425 1320/551/538 1296/1505/1426
f 1296/1505/1426 1320/551/538 1297/549/536
f 1296/1505/1426 1297/549/536 1273/1506/1427
f 1273/1506/1427 1297/549/536 1274/547/534
f 1273/1506/1427 1274/547/534 1250/1507/1428
f 1250/1507/1428 1274/547/534 1251/545/532
f 1250/1507/1428 1251/545/532 491/1508/1429
f 491/1508/1429 1251/545/532 492/543/530
f 491/1508/1429 492/543/530 468/1509/1430
f 468/1509/1430 492/543/530 469/541/528
f 468/1509/1430 469/541/528 425/1510/1431
f 425/1510/1431 469/541/528 424/539/526
f 425/1510/1431 424/539/526 1227/1511/1432
f 1227/1511/1432 424/539/526 1228/537/524
f 1227/1511/1432 1228/537/524 1204/1512/1433
f 1204/1512/1433 1228/537/524 1205/535/522
f 1204/1512/1433 1205/535/522 1181/1513/1434
f 1181/1513/1434 1205/535/522 1182/533/520
f 1181/1513/1434 1182/533/520 1158/1514/1435
f 1158/1514/1435 1182/533/520 1159/531/518
f 1158/1514/1435 1159/531/518 560/1515/1436
f 560/1515/1436 1159/531/518 561/529/516
f 560/1515/1436 561/529/516 537/1516/1437
f 537/1516/1437 561/529/516 538/527/514
f 537/1516/1437 538/527/514 494/1517/1438
f 494/1517/1438 538/527/514 493/525/512
f 494/1517/1438 493/525/512 1135/1518/1439
f 1135/1518/1439 493/525/512 1136/523/510
f 1135/1518/1439 1136/523/510 1112/1519/1440
f 1112/1519/1440 1136/523/510 1113/521/508
f 1112/1519/1440 1113/521/508 1089/1520/1441
f 1089/1520/1441 1113/521/508 1090/519/506
f 1089/1520/1441 1090/519/506 1066/1521/1442
f 1066/1521/1442 1090/519/506 1067/517/504
f 1066/1521/1442 1067/517/504 629/1522/1443
f 629/1522/1443 1067/517/504 630/515/502
f 629/1522/1443 630/515/502 606/1523/1444
f 606/1523/1444 630/515/502 607/513/500
f 606/1523/1444 607/513/500 563/1524/1445
f 563/1524/1445 607/513/500 562/511/498
f 563/1524/1445 562/511/498 1043/1525/1446
f 1043/1525/1446 562/511/498 1044/509/496
f 1043/1525/1446 1044/509/496 1020/1526/1447
f 1020/1526/1447 1044/509/496 1021/507/494
f 1020/1526/1447 1021/507/494 997/1527/1448
f 997/1527/1448 1021/507/494 998/505/492
f 997/1527/1448 998/505/492 974/1528/1449
f 974/1528/1449 998/505/492 975/503/490
f 974/1528/1449 975/503/490 698/1529/1450
f 698/1529/1450 975/503/490 699/501/488
f 698/1529/1450 699/501/488 675/1530/1451
f 675/1530/1451 699/501/488 676/499/486
f 675/1530/1451 676/499/486 632/1531/1452
f 632/1531/1452 676/499/486 631/497/484
f 632/1531/1452 631/497/484 951/1532/1453
f 951/1532/1453 631/497/484 952/495/482
f 951/1532/1453 952/495/482 928/1533/1454
f 928/1533/1454 952/495/482 929/493/480
f 928/1533/1454 929/493/480 905/1534/1455
f 905/1534/1455 929/493/480 906/491/478
f 905/1534/1455 906/491/478 882/1535/1456
f 882/1535/1456 906/491/478 883/489/476
f 882/1535/1456 883/489/476 767/1536/1457
f 767/1536/1457 883/489/476 768/487/474
f 767/1536/1457 768/487/474 744/1537/1458
f 744/1537/1458 768/487/474 745/485/472
f 744/1537/1458 745/485/472 701/1538/1459
f 701/1538/1459 745/485/472 700/483/470
f 701/1538/1459 700/483/470 859/1539/1460
f 859/1539/1460 700/483/470 860/481/468
f 859/1539/1460 860/481/468 836/1540/1461
f 836/1540/1461 860/481/468 837/479/466
f 836/1540/1461 837/479/466 813/1541/1462
f 813/1541/1462 837/479/466 814/477/464
f 813/1541/1462 814/477/464 790/1542/1463
f 790/1542/1463 814/477/464 791/475/462
f 790/1542/1463 791/475/462 399/1543/1464
f 399/1543/1464 791/475/462 400/473/460
f 399/1543/1464 400/473/460 376/1544/1423
f 376/1544/1423 400/473/460 377/471/458
# 1320 vertices
# 1544 texture params
# 1464 normals
# 2636 facets

# 2 groups
